,Location,Country Code,Year,"Incidence of malaria (per 1,000 population at risk)"
0,Afghanistan,AFG,2000,81.96955871582031
1,Afghanistan,AFG,2001,78.83206939697266
2,Afghanistan,AFG,2002,79.38578796386719
3,Afghanistan,AFG,2003,68.09156036376953
4,Afghanistan,AFG,2004,37.6164665222168
5,Afghanistan,AFG,2005,27.079071044921875
6,Afghanistan,AFG,2006,20.52607536315918
7,Afghanistan,AFG,2007,21.667768478393555
8,Afghanistan,AFG,2008,18.85517883300781
9,Afghanistan,AFG,2009,12.563668251037598
10,Afghanistan,AFG,2010,12.980473518371582
11,Afghanistan,AFG,2011,15.6072416305542
12,Afghanistan,AFG,2012,9.186410903930664
13,Afghanistan,AFG,2013,11.242144584655762
14,Afghanistan,AFG,2014,12.407090187072754
15,Afghanistan,AFG,2015,13.881858825683594
16,Afghanistan,AFG,2016,26.883331298828125
17,Afghanistan,AFG,2017,28.554147720336918
18,Afghanistan,AFG,2018,22.109771728515625
19,Afghanistan,AFG,2019,14.1008939743042
20,Afghanistan,AFG,2020,8.436813354492188
21,Algeria,DZA,2000,0.0186462700366973
22,Algeria,DZA,2001,0.0032477003987878
23,Algeria,DZA,2002,0.0053442525677382
24,Algeria,DZA,2003,0.0026382496580481
25,Algeria,DZA,2004,0.0010414838325232
26,Algeria,DZA,2005,0.000513554259669
27,Algeria,DZA,2006,0.0005060544353909
28,Algeria,DZA,2007,0.0129548721015453
29,Algeria,DZA,2008,0.0014705341309309
30,Algeria,DZA,2009,0.0
31,Algeria,DZA,2010,0.0004731902154162
32,Algeria,DZA,2011,0.0004643620632123
33,Algeria,DZA,2012,0.0250463355332613
34,Algeria,DZA,2013,0.0035708690993487
35,Algeria,DZA,2014,0.0
36,Algeria,DZA,2015,0.0
37,Algeria,DZA,2016,0.0
38,Algeria,DZA,2017,0.0
39,Algeria,DZA,2018,0.0
40,Algeria,DZA,2019,0.0
41,Algeria,DZA,2020,0.0
42,Angola,AGO,2000,325.70361328125
43,Angola,AGO,2001,326.65069580078125
44,Angola,AGO,2002,309.1209411621094
45,Angola,AGO,2003,313.7309875488281
46,Angola,AGO,2004,313.7325744628906
47,Angola,AGO,2005,316.0221252441406
48,Angola,AGO,2006,301.3629455566406
49,Angola,AGO,2007,274.33270263671875
50,Angola,AGO,2008,233.45399475097656
51,Angola,AGO,2009,196.81268310546875
52,Angola,AGO,2010,172.71905517578125
53,Angola,AGO,2011,157.17276000976562
54,Angola,AGO,2012,154.21632385253906
55,Angola,AGO,2013,160.69834899902344
56,Angola,AGO,2014,166.7796630859375
57,Angola,AGO,2015,176.6835479736328
58,Angola,AGO,2016,189.45217895507807
59,Angola,AGO,2017,208.94876098632807
60,Angola,AGO,2018,214.2472076416016
61,Angola,AGO,2019,227.2537384033203
62,Angola,AGO,2020,251.5823211669922
63,Argentina,ARG,2000,2.386725425720215
64,Argentina,ARG,2001,1.153569579124451
65,Argentina,ARG,2002,0.6634537577629089
66,Argentina,ARG,2003,0.6511271595954895
67,Argentina,ARG,2004,0.6027258038520813
68,Argentina,ARG,2005,1.187880516052246
69,Argentina,ARG,2006,0.87554532289505
70,Argentina,ARG,2007,1.6530507802963257
71,Argentina,ARG,2008,0.523952066898346
72,Argentina,ARG,2009,0.4545162618160248
73,Argentina,ARG,2010,0.2640870809555053
74,Argentina,ARG,2011,0.0
75,Argentina,ARG,2012,0.0
76,Argentina,ARG,2013,0.0
77,Argentina,ARG,2014,0.0
78,Argentina,ARG,2015,0.0
79,Argentina,ARG,2016,0.0
80,Argentina,ARG,2017,0.0
81,Argentina,ARG,2018,0.0
82,Argentina,ARG,2019,0.0
83,Argentina,ARG,2020,0.0
84,Armenia,ARM,2000,0.0459343679249286
85,Armenia,ARM,2001,0.0258958153426647
86,Armenia,ARM,2002,0.0171392261981964
87,Armenia,ARM,2003,0.0096092103049159
88,Armenia,ARM,2004,0.015662932768464
89,Armenia,ARM,2005,0.0023479990195482
90,Armenia,ARM,2007,0.0
91,Armenia,ARM,2008,0.0
92,Armenia,ARM,2010,0.0
93,Armenia,ARM,2012,0.0
94,Armenia,ARM,2014,0.0
95,Armenia,ARM,2015,0.0
96,Armenia,ARM,2016,0.0
97,Armenia,ARM,2017,0.0
98,Armenia,ARM,2018,0.0
99,Armenia,ARM,2019,0.0
100,Azerbaijan,AZE,2000,8.168159484863281
101,Azerbaijan,AZE,2001,5.590414524078369
102,Azerbaijan,AZE,2002,2.652701139450073
103,Azerbaijan,AZE,2003,2.495944023132324
104,Azerbaijan,AZE,2004,1.9863630533218384
105,Azerbaijan,AZE,2005,1.2322545051574707
106,Azerbaijan,AZE,2006,0.7103524804115295
107,Azerbaijan,AZE,2007,0.5382319092750549
108,Azerbaijan,AZE,2008,0.354851096868515
109,Azerbaijan,AZE,2009,0.3800058364868164
110,Azerbaijan,AZE,2010,0.2406785190105438
111,Azerbaijan,AZE,2011,0.0190146602690219
112,Azerbaijan,AZE,2012,0.0140787567943334
113,Azerbaijan,AZE,2013,0.0
114,Azerbaijan,AZE,2014,0.0
115,Azerbaijan,AZE,2015,0.0
116,Azerbaijan,AZE,2016,0.0
117,Azerbaijan,AZE,2017,0.0
118,Azerbaijan,AZE,2018,0.0
119,Azerbaijan,AZE,2019,0.0
120,Bangladesh,BGD,2000,6.879263877868652
121,Bangladesh,BGD,2001,6.879252910614014
122,Bangladesh,BGD,2002,6.879218578338623
123,Bangladesh,BGD,2003,6.879263401031494
124,Bangladesh,BGD,2004,6.879223346710205
125,Bangladesh,BGD,2005,6.879240989685059
126,Bangladesh,BGD,2006,4.523055076599121
127,Bangladesh,BGD,2007,8.27475643157959
128,Bangladesh,BGD,2008,7.800657749176025
129,Bangladesh,BGD,2009,5.13679838180542
130,Bangladesh,BGD,2010,4.367504596710205
131,Bangladesh,BGD,2011,3.951819658279419
132,Bangladesh,BGD,2012,2.178579568862915
133,Bangladesh,BGD,2013,1.923363208770752
134,Bangladesh,BGD,2014,3.9887442588806152
135,Bangladesh,BGD,2015,2.706663131713867
136,Bangladesh,BGD,2016,1.861451506614685
137,Bangladesh,BGD,2017,1.941124677658081
138,Bangladesh,BGD,2018,0.7144076228141785
139,Bangladesh,BGD,2019,1.209307074546814
140,Bangladesh,BGD,2020,0.4260532855987549
141,Belize,BLZ,2000,8.70823860168457
142,Belize,BLZ,2001,6.602422714233398
143,Belize,BLZ,2002,6.263566970825195
144,Belize,BLZ,2003,7.121917247772217
145,Belize,BLZ,2004,5.587119102478027
146,Belize,BLZ,2005,7.91032600402832
147,Belize,BLZ,2006,4.198524475097656
148,Belize,BLZ,2007,4.095361232757568
149,Belize,BLZ,2008,2.5506951808929443
150,Belize,BLZ,2009,1.1791203022003174
151,Belize,BLZ,2010,0.6741573214530945
152,Belize,BLZ,2011,0.3159807324409485
153,Belize,BLZ,2012,0.1414972990751266
154,Belize,BLZ,2013,0.0838444381952285
155,Belize,BLZ,2014,0.0779256969690322
156,Belize,BLZ,2015,0.0361390635371208
157,Belize,BLZ,2016,0.015735950320959
158,Belize,BLZ,2017,0.026997422799468
159,Belize,BLZ,2018,0.0113499648869037
160,Belize,BLZ,2019,0.0
161,Belize,BLZ,2020,0.0
162,Benin,BEN,2000,423.3426818847656
163,Benin,BEN,2001,432.8017272949219
164,Benin,BEN,2002,448.6623229980469
165,Benin,BEN,2003,460.2369689941406
166,Benin,BEN,2004,479.1334838867188
167,Benin,BEN,2005,486.0950317382813
168,Benin,BEN,2006,485.5864562988281
169,Benin,BEN,2007,482.0040588378906
170,Benin,BEN,2008,467.3943481445313
171,Benin,BEN,2009,442.7174987792969
172,Benin,BEN,2010,416.3781127929688
173,Benin,BEN,2011,387.1200866699219
174,Benin,BEN,2012,365.4419860839844
175,Benin,BEN,2013,359.5166320800781
176,Benin,BEN,2014,364.2459106445313
177,Benin,BEN,2015,386.1354675292969
178,Benin,BEN,2016,418.4942932128906
179,Benin,BEN,2017,422.1782531738281
180,Benin,BEN,2018,409.7846374511719
181,Benin,BEN,2019,401.2998352050781
182,Benin,BEN,2020,388.3069458007813
183,Bhutan,BTN,2000,13.570366859436035
184,Bhutan,BTN,2001,13.391687393188477
185,Bhutan,BTN,2002,14.28295612335205
186,Bhutan,BTN,2003,8.191975593566895
187,Bhutan,BTN,2004,5.648187637329102
188,Bhutan,BTN,2005,3.8015289306640634
189,Bhutan,BTN,2006,3.839844703674317
190,Bhutan,BTN,2007,1.6117689609527588
191,Bhutan,BTN,2008,0.6619824767112732
192,Bhutan,BTN,2009,2.1057329177856445
193,Bhutan,BTN,2010,0.8595011234283447
194,Bhutan,BTN,2011,0.3781388998031616
195,Bhutan,BTN,2012,0.1579444110393524
196,Bhutan,BTN,2013,0.0285402797162532
197,Bhutan,BTN,2014,0.0357076413929462
198,Bhutan,BTN,2015,0.0631226375699043
199,Bhutan,BTN,2016,0.0275147575885057
200,Bhutan,BTN,2017,0.0199377946555614
201,Bhutan,BTN,2018,0.0107478154823184
202,Bhutan,BTN,2019,0.003541772486642
203,Bhutan,BTN,2020,0.0385294370353221
204,Bolivia,BOL,2000,11.952241897583008
205,Bolivia,BOL,2001,5.736526966094971
206,Bolivia,BOL,2002,4.983919620513916
207,Bolivia,BOL,2003,6.823250770568848
208,Bolivia,BOL,2004,4.911100387573242
209,Bolivia,BOL,2005,6.5170207023620605
210,Bolivia,BOL,2006,6.039273738861084
211,Bolivia,BOL,2007,4.565793991088867
212,Bolivia,BOL,2008,2.995238780975342
213,Bolivia,BOL,2009,2.9756276607513428
214,Bolivia,BOL,2010,4.093010425567627
215,Bolivia,BOL,2011,2.089219570159912
216,Bolivia,BOL,2012,2.1342215538024902
217,Bolivia,BOL,2013,2.280273675918579
218,Bolivia,BOL,2014,2.263432264328003
219,Bolivia,BOL,2015,1.888965368270874
220,Bolivia,BOL,2016,1.5005576610565186
221,Bolivia,BOL,2017,1.2200019359588623
222,Bolivia,BOL,2018,1.4054731130599976
223,Bolivia,BOL,2019,2.4226768016815186
224,Bolivia,BOL,2020,3.1168665885925293
225,Botswana,BWA,2000,17.57326316833496
226,Botswana,BWA,2001,6.933417320251465
227,Botswana,BWA,2002,3.2411913871765137
228,Botswana,BWA,2003,1.6193233728408811
229,Botswana,BWA,2004,1.039715051651001
230,Botswana,BWA,2005,1.2290903329849243
231,Botswana,BWA,2006,3.94438910484314
232,Botswana,BWA,2007,1.039093852043152
233,Botswana,BWA,2008,1.934602975845337
234,Botswana,BWA,2009,2.099406480789185
235,Botswana,BWA,2010,1.6919548511505127
236,Botswana,BWA,2011,0.5104129314422607
237,Botswana,BWA,2012,0.2248219698667526
238,Botswana,BWA,2013,0.5294603705406189
239,Botswana,BWA,2014,1.4970622062683103
240,Botswana,BWA,2015,0.3229036927223205
241,Botswana,BWA,2016,0.918304443359375
242,Botswana,BWA,2017,1.9973719120025637
243,Botswana,BWA,2018,0.5373390316963196
244,Botswana,BWA,2019,0.1682698130607605
245,Botswana,BWA,2020,1.1282294988632202
246,Brazil,BRA,2000,21.440465927124023
247,Brazil,BRA,2001,12.985921859741213
248,Brazil,BRA,2002,11.17265796661377
249,Brazil,BRA,2003,12.616781234741213
250,Brazil,BRA,2004,13.833816528320312
251,Brazil,BRA,2005,17.42217445373535
252,Brazil,BRA,2006,15.293560981750488
253,Brazil,BRA,2007,13.848828315734863
254,Brazil,BRA,2008,8.611477851867676
255,Brazil,BRA,2009,8.355353355407715
256,Brazil,BRA,2010,9.816871643066406
257,Brazil,BRA,2011,7.083696365356445
258,Brazil,BRA,2012,6.379754066467285
259,Brazil,BRA,2013,4.843852519989014
260,Brazil,BRA,2014,3.561596393585205
261,Brazil,BRA,2015,3.9652581214904794
262,Brazil,BRA,2016,3.154564619064331
263,Brazil,BRA,2017,5.236088752746582
264,Brazil,BRA,2018,5.145844459533691
265,Brazil,BRA,2019,4.169917106628418
266,Brazil,BRA,2020,3.8725078105926514
267,Burkina Faso,BFA,2000,603.2109985351562
268,Burkina Faso,BFA,2001,601.937744140625
269,Burkina Faso,BFA,2002,595.85205078125
270,Burkina Faso,BFA,2003,585.123291015625
271,Burkina Faso,BFA,2004,562.4113159179688
272,Burkina Faso,BFA,2005,533.8450927734375
273,Burkina Faso,BFA,2006,518.07373046875
274,Burkina Faso,BFA,2007,526.3095703125
275,Burkina Faso,BFA,2008,555.7434692382812
276,Burkina Faso,BFA,2009,571.9708862304688
277,Burkina Faso,BFA,2010,571.2891845703125
278,Burkina Faso,BFA,2011,557.0880126953125
279,Burkina Faso,BFA,2012,534.1525268554688
280,Burkina Faso,BFA,2013,487.1990661621094
281,Burkina Faso,BFA,2014,448.0787048339844
282,Burkina Faso,BFA,2015,423.616943359375
283,Burkina Faso,BFA,2016,382.6315002441406
284,Burkina Faso,BFA,2017,369.6702270507813
285,Burkina Faso,BFA,2018,369.2079772949219
286,Burkina Faso,BFA,2019,366.08148193359375
287,Burkina Faso,BFA,2020,389.9240112304688
288,Burundi,BDI,2000,477.770751953125
289,Burundi,BDI,2001,468.9377746582031
290,Burundi,BDI,2002,430.5758056640625
291,Burundi,BDI,2003,383.65032958984375
292,Burundi,BDI,2004,331.5455017089844
293,Burundi,BDI,2005,292.6359558105469
294,Burundi,BDI,2006,261.9788818359375
295,Burundi,BDI,2007,223.5228271484375
296,Burundi,BDI,2008,197.2824859619141
297,Burundi,BDI,2009,174.82785034179688
298,Burundi,BDI,2010,169.31520080566406
299,Burundi,BDI,2011,164.90444946289062
300,Burundi,BDI,2012,164.60862731933594
301,Burundi,BDI,2013,170.3041534423828
302,Burundi,BDI,2014,176.21697998046875
303,Burundi,BDI,2015,194.2728729248047
304,Burundi,BDI,2016,228.8994598388672
305,Burundi,BDI,2017,250.05731201171875
306,Burundi,BDI,2018,288.443115234375
307,Burundi,BDI,2019,297.1356811523437
308,Burundi,BDI,2020,294.8686828613281
309,Cambodia,KHM,2000,77.83899688720703
310,Cambodia,KHM,2001,44.3043212890625
311,Cambodia,KHM,2002,39.05086135864258
312,Cambodia,KHM,2003,51.13413238525391
313,Cambodia,KHM,2004,43.62262725830078
314,Cambodia,KHM,2005,41.40992736816406
315,Cambodia,KHM,2006,45.95124435424805
316,Cambodia,KHM,2007,19.760034561157227
317,Cambodia,KHM,2008,21.885501861572266
318,Cambodia,KHM,2009,42.76845169067383
319,Cambodia,KHM,2010,34.90538024902344
320,Cambodia,KHM,2011,35.789306640625
321,Cambodia,KHM,2012,24.875751495361328
322,Cambodia,KHM,2013,15.885425567626951
323,Cambodia,KHM,2014,22.259721755981445
324,Cambodia,KHM,2015,19.936677932739254
325,Cambodia,KHM,2016,11.133601188659668
326,Cambodia,KHM,2017,17.903324127197266
327,Cambodia,KHM,2018,23.692943572998047
328,Cambodia,KHM,2019,12.014374732971191
329,Cambodia,KHM,2020,5.847343444824219
330,Cameroon,CMR,2000,403.73150634765625
331,Cameroon,CMR,2001,407.1032409667969
332,Cameroon,CMR,2002,401.9880676269531
333,Cameroon,CMR,2003,416.4661865234375
334,Cameroon,CMR,2004,433.2755432128906
335,Cameroon,CMR,2005,431.8448486328125
336,Cameroon,CMR,2006,419.1290283203125
337,Cameroon,CMR,2007,399.7880859375
338,Cameroon,CMR,2008,363.4477844238281
339,Cameroon,CMR,2009,315.464111328125
340,Cameroon,CMR,2010,290.8703308105469
341,Cameroon,CMR,2011,268.44287109375
342,Cameroon,CMR,2012,258.0285949707031
343,Cameroon,CMR,2013,262.1033935546875
344,Cameroon,CMR,2014,261.89959716796875
345,Cameroon,CMR,2015,261.29852294921875
346,Cameroon,CMR,2016,257.61199951171875
347,Cameroon,CMR,2017,250.56884765625
348,Cameroon,CMR,2018,247.3347625732422
349,Cameroon,CMR,2019,244.10308837890625
350,Cameroon,CMR,2020,259.9581604003906
351,Cape Verde,CPV,2000,1.293498396873474
352,Cape Verde,CPV,2001,0.9445454478263856
353,Cape Verde,CPV,2002,0.6599055528640747
354,Cape Verde,CPV,2003,0.5812959671020508
355,Cape Verde,CPV,2004,0.3790431320667267
356,Cape Verde,CPV,2005,0.5648403763771057
357,Cape Verde,CPV,2006,0.6558237075805664
358,Cape Verde,CPV,2007,0.1457289308309555
359,Cape Verde,CPV,2008,0.2799574434757232
360,Cape Verde,CPV,2009,0.513700008392334
361,Cape Verde,CPV,2010,0.3669380843639374
362,Cape Verde,CPV,2011,0.0539694540202617
363,Cape Verde,CPV,2012,0.007612551562488
364,Cape Verde,CPV,2013,0.1653488874435424
365,Cape Verde,CPV,2014,0.1929484754800796
366,Cape Verde,CPV,2015,0.0513076111674308
367,Cape Verde,CPV,2016,0.3475842773914337
368,Cape Verde,CPV,2017,3.026855230331421
369,Cape Verde,CPV,2018,0.0141464723274111
370,Cape Verde,CPV,2019,0.0
371,Cape Verde,CPV,2020,0.0
372,Central African Republic,CAF,2000,441.9642639160156
373,Central African Republic,CAF,2001,433.9363403320313
374,Central African Republic,CAF,2002,434.4250183105469
375,Central African Republic,CAF,2003,438.87396240234375
376,Central African Republic,CAF,2004,446.4712829589844
377,Central African Republic,CAF,2005,444.8058471679688
378,Central African Republic,CAF,2006,440.1046752929688
379,Central African Republic,CAF,2007,432.3049621582031
380,Central African Republic,CAF,2008,422.80609130859375
381,Central African Republic,CAF,2009,409.5768432617188
382,Central African Republic,CAF,2010,395.6017761230469
383,Central African Republic,CAF,2011,385.81201171875
384,Central African Republic,CAF,2012,377.7249145507813
385,Central African Republic,CAF,2013,371.1902770996094
386,Central African Republic,CAF,2014,362.65478515625
387,Central African Republic,CAF,2015,346.44287109375
388,Central African Republic,CAF,2016,334.12030029296875
389,Central African Republic,CAF,2017,328.69940185546875
390,Central African Republic,CAF,2018,324.6672058105469
391,Central African Republic,CAF,2019,322.87274169921875
392,Central African Republic,CAF,2020,335.9944763183594
393,Chad,TCD,2000,267.0518493652344
394,Chad,TCD,2001,268.3824462890625
395,Chad,TCD,2002,233.8404998779297
396,Chad,TCD,2003,228.3814849853516
397,Chad,TCD,2004,221.90968322753903
398,Chad,TCD,2005,223.1304931640625
399,Chad,TCD,2006,225.9495086669922
400,Chad,TCD,2007,226.1539764404297
401,Chad,TCD,2008,227.2191467285156
402,Chad,TCD,2009,233.7840881347656
403,Chad,TCD,2010,233.51837158203125
404,Chad,TCD,2011,217.64247131347656
405,Chad,TCD,2012,202.39031982421875
406,Chad,TCD,2013,190.39308166503903
407,Chad,TCD,2014,188.7097320556641
408,Chad,TCD,2015,189.65725708007807
409,Chad,TCD,2016,192.7319183349609
410,Chad,TCD,2017,196.3210906982422
411,Chad,TCD,2018,206.10520935058597
412,Chad,TCD,2019,203.26119995117188
413,Chad,TCD,2020,206.27835083007807
414,China,CHN,2000,0.0147878304123878
415,China,CHN,2001,0.0388747788965702
416,China,CHN,2002,0.0464209802448749
417,China,CHN,2003,0.051512312144041
418,China,CHN,2004,0.048883955925703
419,China,CHN,2005,0.0392001010477542
420,China,CHN,2006,0.062869518995285
421,China,CHN,2007,0.0517744719982147
422,China,CHN,2008,0.0292524304240942
423,China,CHN,2009,0.0162251088768243
424,China,CHN,2010,0.00866917707026
425,China,CHN,2011,0.0022596938069909
426,China,CHN,2012,0.00041918217903
427,China,CHN,2013,0.0001418028841726
428,China,CHN,2014,9.00578888831e-05
429,China,CHN,2015,6.59196812193e-05
430,China,CHN,2016,1.6816067045e-06
431,China,CHN,2017,0.0
432,China,CHN,2018,0.0
433,China,CHN,2019,0.0
434,China,CHN,2020,0.0
435,Colombia,COL,2000,24.01729393005371
436,Colombia,COL,2001,37.36692810058594
437,Colombia,COL,2002,32.204586029052734
438,Colombia,COL,2003,27.680837631225582
439,Colombia,COL,2004,21.19805335998535
440,Colombia,COL,2005,17.676645278930664
441,Colombia,COL,2006,17.295454025268555
442,Colombia,COL,2007,17.886001586914062
443,Colombia,COL,2008,11.223758697509766
444,Colombia,COL,2009,11.159039497375488
445,Colombia,COL,2010,16.436918258666992
446,Colombia,COL,2011,8.915572166442871
447,Colombia,COL,2012,8.25197982788086
448,Colombia,COL,2013,7.028225898742676
449,Colombia,COL,2014,5.484036922454834
450,Colombia,COL,2015,8.064274787902832
451,Colombia,COL,2016,10.834023475646973
452,Colombia,COL,2017,7.477085113525391
453,Colombia,COL,2018,8.534024238586426
454,Colombia,COL,2019,10.746053695678713
455,Colombia,COL,2020,9.40926456451416
456,Comoros,COM,2000,65.10275268554688
457,Comoros,COM,2001,63.56416320800781
458,Comoros,COM,2002,62.06890487670898
459,Comoros,COM,2003,60.60736083984375
460,Comoros,COM,2004,59.17653274536133
461,Comoros,COM,2005,57.773963928222656
462,Comoros,COM,2006,56.40242385864258
463,Comoros,COM,2007,55.06028366088867
464,Comoros,COM,2008,53.74855422973633
465,Comoros,COM,2009,52.4648323059082
466,Comoros,COM,2010,52.97696304321289
467,Comoros,COM,2011,35.17799758911133
468,Comoros,COM,2012,68.85261535644531
469,Comoros,COM,2013,71.6860580444336
470,Comoros,COM,2014,2.901012659072876
471,Comoros,COM,2015,1.6721655130386353
472,Comoros,COM,2016,1.4366569519042969
473,Comoros,COM,2017,3.968595266342163
474,Comoros,COM,2018,18.245342254638672
475,Comoros,COM,2019,20.683025360107425
476,Comoros,COM,2020,5.227720737457275
477,Congo,COG,2000,355.3609619140625
478,Congo,COG,2001,351.2755126953125
479,Congo,COG,2002,319.8932800292969
480,Congo,COG,2003,314.4563293457031
481,Congo,COG,2004,308.7283630371094
482,Congo,COG,2005,287.134033203125
483,Congo,COG,2006,263.6548156738281
484,Congo,COG,2007,241.40667724609372
485,Congo,COG,2008,219.01803588867188
486,Congo,COG,2009,206.18565368652344
487,Congo,COG,2010,201.13330078125
488,Congo,COG,2011,198.48199462890625
489,Congo,COG,2012,195.69168090820312
490,Congo,COG,2013,193.94918823242188
491,Congo,COG,2014,186.5
492,Congo,COG,2015,184.01419067382807
493,Congo,COG,2016,190.0240478515625
494,Congo,COG,2017,205.83868408203125
495,Congo,COG,2018,217.63233947753903
496,Congo,COG,2019,215.9171295166016
497,Congo,COG,2020,213.1771240234375
498,Costa Rica,CRI,2000,1.3548895120620728
499,Costa Rica,CRI,2001,0.9653487205505372
500,Costa Rica,CRI,2002,0.7113386392593384
501,Costa Rica,CRI,2003,0.4926520884037018
502,Costa Rica,CRI,2004,0.8716503381729126
503,Costa Rica,CRI,2005,2.360783100128174
504,Costa Rica,CRI,2006,1.908742070198059
505,Costa Rica,CRI,2007,0.7933218479156494
506,Costa Rica,CRI,2008,0.6184011101722717
507,Costa Rica,CRI,2009,0.1655861437320709
508,Costa Rica,CRI,2010,0.0686607807874679
509,Costa Rica,CRI,2011,0.0061668250709772
510,Costa Rica,CRI,2012,0.0036567505449056
511,Costa Rica,CRI,2013,0.0
512,Costa Rica,CRI,2014,0.0
513,Costa Rica,CRI,2015,0.0
514,Costa Rica,CRI,2016,0.0023326785303652
515,Costa Rica,CRI,2017,0.006926470901817
516,Costa Rica,CRI,2018,0.0400044582784175
517,Costa Rica,CRI,2019,0.0537742152810096
518,Costa Rica,CRI,2020,0.0504784509539604
519,Cote d'Ivoire,CIV,2000,510.6696166992188
520,Cote d'Ivoire,CIV,2001,521.9456787109375
521,Cote d'Ivoire,CIV,2002,523.078125
522,Cote d'Ivoire,CIV,2003,521.5653686523438
523,Cote d'Ivoire,CIV,2004,515.9002685546875
524,Cote d'Ivoire,CIV,2005,486.0779418945313
525,Cote d'Ivoire,CIV,2006,475.7417602539063
526,Cote d'Ivoire,CIV,2007,471.2861633300781
527,Cote d'Ivoire,CIV,2008,477.9308166503906
528,Cote d'Ivoire,CIV,2009,485.2528991699219
529,Cote d'Ivoire,CIV,2010,481.8616943359375
530,Cote d'Ivoire,CIV,2011,466.6120300292969
531,Cote d'Ivoire,CIV,2012,382.5103759765625
532,Cote d'Ivoire,CIV,2013,294.24957275390625
533,Cote d'Ivoire,CIV,2014,265.4732360839844
534,Cote d'Ivoire,CIV,2015,247.73556518554688
535,Cote d'Ivoire,CIV,2016,251.3122100830078
536,Cote d'Ivoire,CIV,2017,259.9839782714844
537,Cote d'Ivoire,CIV,2018,272.3359680175781
538,Cote d'Ivoire,CIV,2019,281.1871032714844
539,Cote d'Ivoire,CIV,2020,287.0468444824219
540,Democratic Republic of Congo,COD,2000,469.5237426757813
541,Democratic Republic of Congo,COD,2001,469.8341369628906
542,Democratic Republic of Congo,COD,2002,470.3380126953125
543,Democratic Republic of Congo,COD,2003,474.5093078613281
544,Democratic Republic of Congo,COD,2004,481.2416076660156
545,Democratic Republic of Congo,COD,2005,481.6890563964844
546,Democratic Republic of Congo,COD,2006,473.9140625
547,Democratic Republic of Congo,COD,2007,464.05511474609375
548,Democratic Republic of Congo,COD,2008,444.9634399414063
549,Democratic Republic of Congo,COD,2009,413.9672546386719
550,Democratic Republic of Congo,COD,2010,389.9127197265625
551,Democratic Republic of Congo,COD,2011,365.7190551757813
552,Democratic Republic of Congo,COD,2012,345.5239562988281
553,Democratic Republic of Congo,COD,2013,326.4920959472656
554,Democratic Republic of Congo,COD,2014,307.5046691894531
555,Democratic Republic of Congo,COD,2015,295.7635498046875
556,Democratic Republic of Congo,COD,2016,297.48052978515625
557,Democratic Republic of Congo,COD,2017,308.2104187011719
558,Democratic Republic of Congo,COD,2018,320.8788757324219
559,Democratic Republic of Congo,COD,2019,320.6746826171875
560,Democratic Republic of Congo,COD,2020,324.2074279785156
561,Djibouti,DJI,2000,3.4044134616851807
562,Djibouti,DJI,2001,3.4054629802703857
563,Djibouti,DJI,2002,3.404445171356201
564,Djibouti,DJI,2003,3.4054923057556152
565,Djibouti,DJI,2004,3.404552459716797
566,Djibouti,DJI,2005,3.404991388320923
567,Djibouti,DJI,2006,3.4052138328552246
568,Djibouti,DJI,2007,3.4054768085479736
569,Djibouti,DJI,2008,3.404088497161865
570,Djibouti,DJI,2009,4.32668924331665
571,Djibouti,DJI,2010,1.6029787063598633
572,Djibouti,DJI,2011,3.405271053314209
573,Djibouti,DJI,2012,3.405362606048584
574,Djibouti,DJI,2013,2.542266607284546
575,Djibouti,DJI,2014,14.00532341003418
576,Djibouti,DJI,2015,13.820622444152832
577,Djibouti,DJI,2016,19.837448120117188
578,Djibouti,DJI,2017,20.72178077697754
579,Djibouti,DJI,2018,34.54941177368164
580,Djibouti,DJI,2019,67.66572570800781
581,Djibouti,DJI,2020,97.6243133544922
582,Dominican Republic,DOM,2000,0.3266061842441559
583,Dominican Republic,DOM,2001,0.2776440680027008
584,Dominican Republic,DOM,2002,0.3506114482879638
585,Dominican Republic,DOM,2003,0.4067749977111816
586,Dominican Republic,DOM,2004,0.6161872148513794
587,Dominican Republic,DOM,2005,0.9878360629081726
588,Dominican Republic,DOM,2006,0.8930975198745728
589,Dominican Republic,DOM,2007,0.676123857498169
590,Dominican Republic,DOM,2008,0.4539609551429748
591,Dominican Republic,DOM,2009,0.4009435474872589
592,Dominican Republic,DOM,2010,0.599595844745636
593,Dominican Republic,DOM,2011,0.3862863183021545
594,Dominican Republic,DOM,2012,0.2252224683761596
595,Dominican Republic,DOM,2013,0.110754519701004
596,Dominican Republic,DOM,2014,0.101086139678955
597,Dominican Republic,DOM,2015,0.1373744755983352
598,Dominican Republic,DOM,2016,0.1485870629549026
599,Dominican Republic,DOM,2017,0.072528451681137
600,Dominican Republic,DOM,2018,0.0912252143025398
601,Dominican Republic,DOM,2019,0.2691356837749481
602,Dominican Republic,DOM,2020,0.1705370247364044
624,Ecuador,ECU,2000,282.8697204589844
625,Ecuador,ECU,2001,289.3793640136719
626,Ecuador,ECU,2002,226.5195770263672
627,Ecuador,ECU,2003,133.63980102539062
628,Ecuador,ECU,2004,72.51425170898438
629,Ecuador,ECU,2005,42.31987380981445
630,Ecuador,ECU,2006,24.07430076599121
631,Ecuador,ECU,2007,19.668699264526367
632,Ecuador,ECU,2008,11.5470609664917
633,Ecuador,ECU,2009,9.583625793457031
634,Ecuador,ECU,2010,4.316188335418701
635,Ecuador,ECU,2011,2.741971015930176
636,Ecuador,ECU,2012,1.2064357995986938
637,Ecuador,ECU,2013,0.8039937615394592
638,Ecuador,ECU,2014,0.5206137299537659
639,Ecuador,ECU,2015,1.3081635236740112
640,Ecuador,ECU,2016,2.478404998779297
641,Ecuador,ECU,2017,2.6066956520080566
642,Ecuador,ECU,2018,3.320357322692871
643,Ecuador,ECU,2019,3.561354875564575
644,Ecuador,ECU,2020,3.76178240776062
645,Egypt,EGY,2000,0.0
646,Egypt,EGY,2001,0.0
647,Egypt,EGY,2002,0.0
648,Egypt,EGY,2003,0.0
649,Egypt,EGY,2004,0.0
650,Egypt,EGY,2005,0.0
651,Egypt,EGY,2006,0.0
652,Egypt,EGY,2007,0.0
653,Egypt,EGY,2008,0.0
654,Egypt,EGY,2009,0.0
655,Egypt,EGY,2010,0.0
656,Egypt,EGY,2011,0.0
657,Egypt,EGY,2012,0.0
658,Egypt,EGY,2013,0.0
659,Egypt,EGY,2014,0.0
660,Egypt,EGY,2015,0.0
661,Egypt,EGY,2016,0.0
662,Egypt,EGY,2017,0.0
663,Egypt,EGY,2018,0.0
664,Egypt,EGY,2019,0.0
665,Egypt,EGY,2020,0.0
666,El Salvador,SLV,2000,0.62999427318573
667,El Salvador,SLV,2001,0.3008691072463989
668,El Salvador,SLV,2002,0.0966691300272941
669,El Salvador,SLV,2003,0.0698555335402488
670,El Salvador,SLV,2004,0.0915907397866249
671,El Salvador,SLV,2005,0.0545344576239585
672,El Salvador,SLV,2006,0.0397045016288757
673,El Salvador,SLV,2007,0.0322716236114501
674,El Salvador,SLV,2008,0.0265113897621631
675,El Salvador,SLV,2009,0.0167998932301998
676,El Salvador,SLV,2010,0.0135422879830002
677,El Salvador,SLV,2011,0.0055522727780044
678,El Salvador,SLV,2012,0.0102661456912755
679,El Salvador,SLV,2013,0.00471693277359
680,El Salvador,SLV,2014,0.0046951663680374
681,El Salvador,SLV,2015,0.0038940841332077
682,El Salvador,SLV,2016,0.009300198405981
683,El Salvador,SLV,2017,0.0
684,El Salvador,SLV,2018,0.0
685,El Salvador,SLV,2019,0.0
686,El Salvador,SLV,2020,0.0
687,Equatorial Guinea,GNQ,2000,388.1289367675781
688,Equatorial Guinea,GNQ,2001,389.03717041015625
689,Equatorial Guinea,GNQ,2002,388.9439086914063
690,Equatorial Guinea,GNQ,2003,392.4272155761719
691,Equatorial Guinea,GNQ,2004,394.4241638183594
692,Equatorial Guinea,GNQ,2005,396.4793701171875
693,Equatorial Guinea,GNQ,2006,392.6033935546875
694,Equatorial Guinea,GNQ,2007,385.9150695800781
695,Equatorial Guinea,GNQ,2008,358.8197021484375
696,Equatorial Guinea,GNQ,2009,327.20562744140625
697,Equatorial Guinea,GNQ,2010,312.4973449707031
698,Equatorial Guinea,GNQ,2011,310.3050842285156
699,Equatorial Guinea,GNQ,2012,328.2117614746094
700,Equatorial Guinea,GNQ,2013,347.711669921875
701,Equatorial Guinea,GNQ,2014,345.0185546875
702,Equatorial Guinea,GNQ,2015,333.64910888671875
703,Equatorial Guinea,GNQ,2016,319.9029541015625
704,Equatorial Guinea,GNQ,2017,296.2168273925781
705,Equatorial Guinea,GNQ,2018,265.81134033203125
706,Equatorial Guinea,GNQ,2019,246.29530334472656
707,Equatorial Guinea,GNQ,2020,240.83792114257807
708,Eritrea,ERI,2000,18.34224510192871
709,Eritrea,ERI,2001,22.93364143371582
710,Eritrea,ERI,2002,13.22943115234375
711,Eritrea,ERI,2003,19.027502059936523
712,Eritrea,ERI,2004,5.549286842346191
713,Eritrea,ERI,2005,9.792500495910645
714,Eritrea,ERI,2006,5.632906913757324
715,Eritrea,ERI,2007,12.537126541137695
716,Eritrea,ERI,2008,6.780436992645264
717,Eritrea,ERI,2009,8.864330291748047
718,Eritrea,ERI,2010,26.327917098999023
719,Eritrea,ERI,2011,23.857728958129883
720,Eritrea,ERI,2012,16.14809799194336
721,Eritrea,ERI,2013,15.026575088500977
722,Eritrea,ERI,2014,33.12422180175781
723,Eritrea,ERI,2015,19.151506423950195
724,Eritrea,ERI,2016,25.6358699798584
725,Eritrea,ERI,2017,33.9676513671875
726,Eritrea,ERI,2018,28.87977409362793
727,Eritrea,ERI,2019,57.299198150634766
728,Eritrea,ERI,2020,44.80255889892578
729,Eswatini,SWZ,2000,2.8132991790771484
730,Eswatini,SWZ,2001,4.915260314941406
731,Eswatini,SWZ,2002,2.3481171131134038
732,Eswatini,SWZ,2003,1.194209098815918
733,Eswatini,SWZ,2004,1.9974944591522217
734,Eswatini,SWZ,2005,0.9668666124343872
735,Eswatini,SWZ,2006,0.5342874526977539
736,Eswatini,SWZ,2007,0.2877283990383148
737,Eswatini,SWZ,2008,0.1972889751195907
738,Eswatini,SWZ,2009,0.3580004572868347
739,Eswatini,SWZ,2010,0.8988613486289978
740,Eswatini,SWZ,2011,1.26262629032135
741,Eswatini,SWZ,2012,1.3534128665924072
742,Eswatini,SWZ,2013,2.392250061035156
743,Eswatini,SWZ,2014,1.2687292098999023
744,Eswatini,SWZ,2015,1.028693437576294
745,Eswatini,SWZ,2016,0.8014926910400391
746,Eswatini,SWZ,2017,1.3970649242401123
747,Eswatini,SWZ,2018,2.156174898147583
748,Eswatini,SWZ,2019,0.7434435486793518
749,Eswatini,SWZ,2020,0.7172651290893555
750,Ethiopia,ETH,2000,222.3265380859375
751,Ethiopia,ETH,2001,231.74075317382807
752,Ethiopia,ETH,2002,205.86285400390625
753,Ethiopia,ETH,2003,217.6710357666016
754,Ethiopia,ETH,2004,222.2745361328125
755,Ethiopia,ETH,2005,152.03924560546875
756,Ethiopia,ETH,2006,141.75399780273438
757,Ethiopia,ETH,2007,121.48372650146484
758,Ethiopia,ETH,2008,100.63729095458984
759,Ethiopia,ETH,2009,135.9037628173828
760,Ethiopia,ETH,2010,155.28338623046875
761,Ethiopia,ETH,2011,155.21522521972656
762,Ethiopia,ETH,2012,174.5785369873047
763,Ethiopia,ETH,2013,191.6064910888672
764,Ethiopia,ETH,2014,158.7776336669922
765,Ethiopia,ETH,2015,133.78501892089844
766,Ethiopia,ETH,2016,92.28263092041016
767,Ethiopia,ETH,2017,67.05237579345703
768,Ethiopia,ETH,2018,37.60894393920898
769,Ethiopia,ETH,2019,34.7076530456543
770,Ethiopia,ETH,2020,54.12618637084961
771,Gabon,GAB,2000,324.1405944824219
772,Gabon,GAB,2001,306.8501892089844
773,Gabon,GAB,2002,274.9648742675781
774,Gabon,GAB,2003,231.6625061035156
775,Gabon,GAB,2004,177.57728576660156
776,Gabon,GAB,2005,142.30772399902344
777,Gabon,GAB,2006,120.2662124633789
778,Gabon,GAB,2007,109.87019348144533
779,Gabon,GAB,2008,117.10210418701172
780,Gabon,GAB,2009,142.84939575195312
781,Gabon,GAB,2010,172.40199279785156
782,Gabon,GAB,2011,201.0870056152344
783,Gabon,GAB,2012,226.08287048339844
784,Gabon,GAB,2013,241.24221801757807
785,Gabon,GAB,2014,259.92022705078125
786,Gabon,GAB,2015,253.9254150390625
787,Gabon,GAB,2016,230.2769775390625
788,Gabon,GAB,2017,218.921142578125
789,Gabon,GAB,2018,209.3697204589844
790,Gabon,GAB,2019,206.6475830078125
791,Gabon,GAB,2020,215.46343994140625
792,Gambia,GMB,2000,373.1706848144531
793,Gambia,GMB,2001,361.4666748046875
794,Gambia,GMB,2002,350.238525390625
795,Gambia,GMB,2003,339.536865234375
796,Gambia,GMB,2004,329.3458557128906
797,Gambia,GMB,2005,319.6039428710937
798,Gambia,GMB,2006,310.2207946777344
799,Gambia,GMB,2007,301.11181640625
800,Gambia,GMB,2008,292.22369384765625
801,Gambia,GMB,2009,283.5439453125
802,Gambia,GMB,2010,275.087158203125
803,Gambia,GMB,2011,256.4056091308594
804,Gambia,GMB,2012,275.0580139160156
805,Gambia,GMB,2013,292.69830322265625
806,Gambia,GMB,2014,150.05703735351562
807,Gambia,GMB,2015,215.96798706054688
808,Gambia,GMB,2016,138.22218322753906
809,Gambia,GMB,2017,66.8760986328125
810,Gambia,GMB,2018,85.9693374633789
811,Gambia,GMB,2019,46.84379959106445
812,Gambia,GMB,2020,87.267822265625
813,Georgia,GEO,2000,5.616560935974121
814,Georgia,GEO,2001,10.193395614624023
815,Georgia,GEO,2002,11.130680084228516
816,Georgia,GEO,2003,7.454764366149902
817,Georgia,GEO,2004,6.08168888092041
818,Georgia,GEO,2005,3.681622743606568
819,Georgia,GEO,2006,1.4082154035568235
820,Georgia,GEO,2007,0.5759815573692322
821,Georgia,GEO,2008,0.1448365747928619
822,Georgia,GEO,2009,0.024275379255414
823,Georgia,GEO,2010,0.0
824,Georgia,GEO,2011,0.0
825,Georgia,GEO,2012,0.0
826,Georgia,GEO,2013,0.0
827,Georgia,GEO,2014,0.0
828,Georgia,GEO,2015,0.0
829,Georgia,GEO,2016,0.0
830,Georgia,GEO,2017,0.0
831,Georgia,GEO,2018,0.0
832,Georgia,GEO,2019,0.0
833,Ghana,GHA,2000,435.2347412109375
834,Ghana,GHA,2001,419.9303894042969
835,Ghana,GHA,2002,391.1704406738281
836,Ghana,GHA,2003,370.89556884765625
837,Ghana,GHA,2004,352.2653503417969
838,Ghana,GHA,2005,336.3853454589844
839,Ghana,GHA,2006,327.9939270019531
840,Ghana,GHA,2007,328.5892944335937
841,Ghana,GHA,2008,342.2000427246094
842,Ghana,GHA,2009,359.73101806640625
843,Ghana,GHA,2010,371.7457885742188
844,Ghana,GHA,2011,376.2163696289063
845,Ghana,GHA,2012,366.0708923339844
846,Ghana,GHA,2013,341.4901123046875
847,Ghana,GHA,2014,310.78326416015625
848,Ghana,GHA,2015,275.8208312988281
849,Ghana,GHA,2016,237.48046875
850,Ghana,GHA,2017,200.8935089111328
851,Ghana,GHA,2018,171.70559692382812
852,Ghana,GHA,2019,161.4814910888672
853,Ghana,GHA,2020,162.8479766845703
854,Guatemala,GTM,2000,7.239710807800293
855,Guatemala,GTM,2001,4.740970611572266
856,Guatemala,GTM,2002,4.580051898956299
857,Guatemala,GTM,2003,3.9006614685058594
858,Guatemala,GTM,2004,3.5322656631469727
859,Guatemala,GTM,2005,4.70714807510376
860,Guatemala,GTM,2006,3.619849920272827
861,Guatemala,GTM,2007,1.7395929098129272
862,Guatemala,GTM,2008,0.7964079976081848
863,Guatemala,GTM,2009,0.7665884494781494
864,Guatemala,GTM,2010,0.8572362661361694
865,Guatemala,GTM,2011,0.7060611248016357
866,Guatemala,GTM,2012,0.5431891679763794
867,Guatemala,GTM,2013,0.6185025572776794
868,Guatemala,GTM,2014,0.4795033931732178
869,Guatemala,GTM,2015,0.5283113718032837
870,Guatemala,GTM,2016,0.4678527116775512
871,Guatemala,GTM,2017,0.3784030079841614
872,Guatemala,GTM,2018,0.2719505429267883
873,Guatemala,GTM,2019,0.1829331666231155
874,Guatemala,GTM,2020,0.0917572379112243
875,Guinea,GIN,2000,445.0223083496094
876,Guinea,GIN,2001,442.745849609375
877,Guinea,GIN,2002,426.0857543945313
878,Guinea,GIN,2003,404.383056640625
879,Guinea,GIN,2004,370.8556518554688
880,Guinea,GIN,2005,343.6630859375
881,Guinea,GIN,2006,333.3249816894531
882,Guinea,GIN,2007,336.5329284667969
883,Guinea,GIN,2008,356.1859130859375
884,Guinea,GIN,2009,384.6197509765625
885,Guinea,GIN,2010,406.7508544921875
886,Guinea,GIN,2011,421.860107421875
887,Guinea,GIN,2012,429.7427978515625
888,Guinea,GIN,2013,414.7398681640625
889,Guinea,GIN,2014,398.8507690429688
890,Guinea,GIN,2015,382.2166137695313
891,Guinea,GIN,2016,360.8132934570313
892,Guinea,GIN,2017,353.731201171875
893,Guinea,GIN,2018,349.26922607421875
894,Guinea,GIN,2019,327.849853515625
895,Guinea,GIN,2020,319.5382995605469
896,Guinea-Bissau,GNB,2000,399.4497680664063
897,Guinea-Bissau,GNB,2001,330.8730773925781
898,Guinea-Bissau,GNB,2002,260.890380859375
899,Guinea-Bissau,GNB,2003,192.0677795410156
900,Guinea-Bissau,GNB,2004,127.45642852783205
901,Guinea-Bissau,GNB,2005,94.8271713256836
902,Guinea-Bissau,GNB,2006,77.35147857666016
903,Guinea-Bissau,GNB,2007,75.47190856933594
904,Guinea-Bissau,GNB,2008,88.40335845947266
905,Guinea-Bissau,GNB,2009,107.5947494506836
906,Guinea-Bissau,GNB,2010,124.62539672851562
907,Guinea-Bissau,GNB,2011,127.88580322265624
908,Guinea-Bissau,GNB,2012,121.28866577148438
909,Guinea-Bissau,GNB,2013,111.83193969726562
910,Guinea-Bissau,GNB,2014,95.04305267333984
911,Guinea-Bissau,GNB,2015,78.49381256103516
912,Guinea-Bissau,GNB,2016,65.6445083618164
913,Guinea-Bissau,GNB,2017,57.10539627075195
914,Guinea-Bissau,GNB,2018,56.74052810668945
915,Guinea-Bissau,GNB,2019,63.4603157043457
916,Guinea-Bissau,GNB,2020,88.91625213623047
917,Guyana,GUY,2000,45.03440475463867
918,Guyana,GUY,2001,50.95772171020508
919,Guyana,GUY,2002,41.16065216064453
920,Guyana,GUY,2003,51.910911560058594
921,Guyana,GUY,2004,54.196048736572266
922,Guyana,GUY,2005,73.15225982666016
923,Guyana,GUY,2006,37.019569396972656
924,Guyana,GUY,2007,21.02810859680176
925,Guyana,GUY,2008,21.913057327270508
926,Guyana,GUY,2009,23.90874671936035
927,Guyana,GUY,2010,39.538047790527344
928,Guyana,GUY,2011,51.677528381347656
929,Guyana,GUY,2012,57.68161392211914
930,Guyana,GUY,2013,75.675537109375
931,Guyana,GUY,2014,29.225631713867188
932,Guyana,GUY,2015,23.4939079284668
933,Guyana,GUY,2016,25.04268455505371
934,Guyana,GUY,2017,32.46441650390625
935,Guyana,GUY,2018,39.49771881103516
936,Guyana,GUY,2019,33.607357025146484
937,Guyana,GUY,2020,28.172075271606445
938,Haiti,HTI,2000,9.588944435119627
939,Haiti,HTI,2001,9.588907241821287
940,Haiti,HTI,2002,9.588895797729492
941,Haiti,HTI,2003,9.588967323303224
942,Haiti,HTI,2004,9.58895206451416
943,Haiti,HTI,2005,9.588868141174316
944,Haiti,HTI,2006,9.725810050964355
945,Haiti,HTI,2007,8.639538764953613
946,Haiti,HTI,2008,10.39097785949707
947,Haiti,HTI,2009,9.588896751403809
948,Haiti,HTI,2010,9.588905334472656
949,Haiti,HTI,2011,9.02976131439209
950,Haiti,HTI,2012,7.156835079193115
951,Haiti,HTI,2013,6.731583118438721
952,Haiti,HTI,2014,3.514066696166992
953,Haiti,HTI,2015,3.3681788444519043
954,Haiti,HTI,2016,3.746030807495117
955,Haiti,HTI,2017,3.37570858001709
956,Haiti,HTI,2018,1.610034704208374
957,Haiti,HTI,2019,1.7592763900756836
958,Haiti,HTI,2020,3.737809181213379
959,Honduras,HND,2000,8.647582054138184
960,Honduras,HND,2001,5.789026737213135
961,Honduras,HND,2002,4.023082733154297
962,Honduras,HND,2003,3.2167623043060303
963,Honduras,HND,2004,3.843169927597046
964,Honduras,HND,2005,3.473475694656372
965,Honduras,HND,2006,2.489897489547729
966,Honduras,HND,2007,2.1153812408447266
967,Honduras,HND,2008,1.6241192817687988
968,Honduras,HND,2009,1.7472628355026243
969,Honduras,HND,2010,1.7664015293121338
970,Honduras,HND,2011,1.336797833442688
971,Honduras,HND,2012,1.1090188026428225
972,Honduras,HND,2013,0.9073110818862916
973,Honduras,HND,2014,0.5612698197364807
974,Honduras,HND,2015,0.5805341005325317
975,Honduras,HND,2016,0.6572206020355225
976,Honduras,HND,2017,0.1997470557689666
977,Honduras,HND,2018,0.107434295117855
978,Honduras,HND,2019,0.0502943471074104
979,Honduras,HND,2020,0.1223862916231155
980,India,IND,2000,19.91361427307129
981,India,IND,2001,19.99201202392578
982,India,IND,2002,18.53740501403809
983,India,IND,2003,19.4851188659668
984,India,IND,2004,21.27077293395996
985,India,IND,2005,22.630565643310547
986,India,IND,2006,18.22590446472168
987,India,IND,2007,17.357032775878906
988,India,IND,2008,17.909378051757812
989,India,IND,2009,18.14240264892578
990,India,IND,2010,17.53194236755371
991,India,IND,2011,14.79684066772461
992,India,IND,2012,11.818647384643556
993,India,IND,2013,9.176262855529783
994,India,IND,2014,9.188362121582031
995,India,IND,2015,9.682005882263184
996,India,IND,2016,10.044930458068848
997,India,IND,2017,7.46636152267456
998,India,IND,2018,5.354936122894287
999,India,IND,2019,4.345677375793457
1000,India,IND,2020,3.2170069217681885
1001,Indonesia,IDN,2000,5.856180191040039
1002,Indonesia,IDN,2001,5.856182098388672
1003,Indonesia,IDN,2002,5.856182098388672
1004,Indonesia,IDN,2003,5.856180667877197
1005,Indonesia,IDN,2004,5.288463592529297
1006,Indonesia,IDN,2005,5.698599338531494
1007,Indonesia,IDN,2006,6.564471244812012
1008,Indonesia,IDN,2007,5.85618257522583
1009,Indonesia,IDN,2008,5.856183052062988
1010,Indonesia,IDN,2009,5.856180667877197
1011,Indonesia,IDN,2010,8.944175720214844
1012,Indonesia,IDN,2011,8.027297019958496
1013,Indonesia,IDN,2012,7.8559370040893555
1014,Indonesia,IDN,2013,6.597557544708252
1015,Indonesia,IDN,2014,4.95150089263916
1016,Indonesia,IDN,2015,4.369207859039307
1017,Indonesia,IDN,2016,4.5153398513793945
1018,Indonesia,IDN,2017,3.0543928146362305
1019,Indonesia,IDN,2018,2.230189561843872
1020,Indonesia,IDN,2019,2.4368722438812256
1021,Indonesia,IDN,2020,2.869419574737549
1022,Iran,IRN,2000,29.426250457763672
1023,Iran,IRN,2001,28.451828002929688
1024,Iran,IRN,2002,22.64704704284668
1025,Iran,IRN,2003,33.87607955932617
1026,Iran,IRN,2004,19.632326126098636
1027,Iran,IRN,2005,26.627429962158203
1028,Iran,IRN,2006,22.08466911315918
1029,Iran,IRN,2007,21.572195053100582
1030,Iran,IRN,2008,11.338342666625977
1031,Iran,IRN,2009,5.83564567565918
1032,Iran,IRN,2010,2.452480792999268
1033,Iran,IRN,2011,2.1416704654693604
1034,Iran,IRN,2012,0.9802116751670836
1035,Iran,IRN,2013,0.6134105324745178
1036,Iran,IRN,2014,0.4526345729827881
1037,Iran,IRN,2015,0.208384022116661
1038,Iran,IRN,2016,0.099710963666439
1039,Iran,IRN,2017,0.0692016333341598
1040,Iran,IRN,2018,0.0
1041,Iran,IRN,2019,0.0
1042,Iran,IRN,2020,0.0
1043,Iraq,IRQ,2000,0.6089005470275879
1044,Iraq,IRQ,2001,0.4019620716571808
1045,Iraq,IRQ,2002,0.2937229871749878
1046,Iraq,IRQ,2003,0.1040858998894691
1047,Iraq,IRQ,2004,0.0453110635280609
1048,Iraq,IRQ,2005,0.0134289702400565
1049,Iraq,IRQ,2006,0.0067259748466312
1050,Iraq,IRQ,2007,0.0008267968078143
1051,Iraq,IRQ,2008,0.0016259519616141
1052,Iraq,IRQ,2009,0.0
1053,Iraq,IRQ,2010,0.0
1054,Iraq,IRQ,2011,0.0
1055,Iraq,IRQ,2012,0.0
1056,Iraq,IRQ,2013,0.0
1057,Iraq,IRQ,2014,0.0
1058,Iraq,IRQ,2015,0.0
1059,Iraq,IRQ,2016,0.0
1060,Iraq,IRQ,2017,0.0
1061,Iraq,IRQ,2018,0.0
1062,Iraq,IRQ,2019,0.0
1063,Iraq,IRQ,2020,0.0
1064,Kazakhstan,KAZ,2010,0.0
1065,Kazakhstan,KAZ,2011,0.0
1066,Kazakhstan,KAZ,2012,0.0
1067,Kazakhstan,KAZ,2013,0.0
1068,Kazakhstan,KAZ,2014,0.0
1069,Kazakhstan,KAZ,2015,0.0
1070,Kazakhstan,KAZ,2016,0.0
1071,Kazakhstan,KAZ,2017,0.0
1072,Kazakhstan,KAZ,2018,0.0
1073,Kazakhstan,KAZ,2019,0.0
1074,Kenya,KEN,2000,216.7955322265625
1075,Kenya,KEN,2001,241.66136169433597
1076,Kenya,KEN,2002,223.48760986328125
1077,Kenya,KEN,2003,209.2248992919922
1078,Kenya,KEN,2004,178.0768280029297
1079,Kenya,KEN,2005,136.53355407714844
1080,Kenya,KEN,2006,103.4976806640625
1081,Kenya,KEN,2007,79.70836639404297
1082,Kenya,KEN,2008,66.33679962158203
1083,Kenya,KEN,2009,62.7689208984375
1084,Kenya,KEN,2010,64.01905822753906
1085,Kenya,KEN,2011,65.88105773925781
1086,Kenya,KEN,2012,68.78956604003906
1087,Kenya,KEN,2013,71.34954833984375
1088,Kenya,KEN,2014,70.74807739257812
1089,Kenya,KEN,2015,68.77052307128906
1090,Kenya,KEN,2016,65.96076202392578
1091,Kenya,KEN,2017,62.5417594909668
1092,Kenya,KEN,2018,59.749847412109375
1093,Kenya,KEN,2019,56.4512825012207
1094,Kenya,KEN,2020,50.92648315429688
1095,Kyrgyzstan,KGZ,2000,0.001823792932555
1096,Kyrgyzstan,KGZ,2001,0.0038749536033719
1097,Kyrgyzstan,KGZ,2002,0.6999109983444214
1098,Kyrgyzstan,KGZ,2003,0.1178859621286392
1099,Kyrgyzstan,KGZ,2004,0.0231527648866176
1100,Kyrgyzstan,KGZ,2005,0.0568359084427356
1101,Kyrgyzstan,KGZ,2006,0.0795593708753585
1102,Kyrgyzstan,KGZ,2007,0.0237399358302354
1103,Kyrgyzstan,KGZ,2008,0.0043914490379393
1104,Kyrgyzstan,KGZ,2009,0.0002403226826572
1105,Kyrgyzstan,KGZ,2010,0.0007093218155205
1106,Kyrgyzstan,KGZ,2011,0.0
1107,Kyrgyzstan,KGZ,2012,0.0
1108,Kyrgyzstan,KGZ,2013,0.0
1109,Kyrgyzstan,KGZ,2014,0.0
1110,Kyrgyzstan,KGZ,2015,0.0
1111,Kyrgyzstan,KGZ,2016,0.0
1112,Kyrgyzstan,KGZ,2017,0.0
1113,Kyrgyzstan,KGZ,2018,0.0
1114,Kyrgyzstan,KGZ,2019,0.0
1115,Laos,LAO,2000,32.40095901489258
1116,Laos,LAO,2001,22.056100845336918
1117,Laos,LAO,2002,17.633913040161133
1118,Laos,LAO,2003,15.75257396697998
1119,Laos,LAO,2004,13.68952178955078
1120,Laos,LAO,2005,11.695301055908203
1121,Laos,LAO,2006,16.096603393554688
1122,Laos,LAO,2007,14.769533157348633
1123,Laos,LAO,2008,13.172921180725098
1124,Laos,LAO,2009,14.836031913757324
1125,Laos,LAO,2010,13.459454536437988
1126,Laos,LAO,2011,9.193763732910156
1127,Laos,LAO,2012,23.838584899902344
1128,Laos,LAO,2013,20.14571762084961
1129,Laos,LAO,2014,25.404247283935547
1130,Laos,LAO,2015,17.81483268737793
1131,Laos,LAO,2016,7.540913105010986
1132,Laos,LAO,2017,4.037933349609375
1133,Laos,LAO,2018,4.260311603546143
1134,Laos,LAO,2019,3.1067771911621094
1135,Laos,LAO,2020,1.4987735748291016
1157,Liberia,LBR,2000,465.93212890625
1158,Liberia,LBR,2001,458.7515258789063
1159,Liberia,LBR,2002,445.2457885742188
1160,Liberia,LBR,2003,430.2747192382813
1161,Liberia,LBR,2004,408.6582946777344
1162,Liberia,LBR,2005,393.4956970214844
1163,Liberia,LBR,2006,381.04974365234375
1164,Liberia,LBR,2007,374.8556823730469
1165,Liberia,LBR,2008,372.161865234375
1166,Liberia,LBR,2009,354.1998596191406
1167,Liberia,LBR,2010,337.3964538574219
1168,Liberia,LBR,2011,327.0040283203125
1169,Liberia,LBR,2012,313.7292175292969
1170,Liberia,LBR,2013,322.26092529296875
1171,Liberia,LBR,2014,342.0675048828125
1172,Liberia,LBR,2015,347.90167236328125
1173,Liberia,LBR,2016,373.2618408203125
1174,Liberia,LBR,2017,392.2958679199219
1175,Liberia,LBR,2018,383.2449035644531
1176,Liberia,LBR,2019,369.64752197265625
1177,Liberia,LBR,2020,358.0458068847656
1241,Madagascar,MDG,2000,57.461669921875
1242,Madagascar,MDG,2001,68.35376739501953
1243,Madagascar,MDG,2002,53.59430313110352
1244,Madagascar,MDG,2003,68.29460906982422
1245,Madagascar,MDG,2004,46.85358428955078
1246,Madagascar,MDG,2005,36.14888381958008
1247,Madagascar,MDG,2006,35.30263137817383
1248,Madagascar,MDG,2007,22.75490951538086
1249,Madagascar,MDG,2008,23.472686767578125
1250,Madagascar,MDG,2009,42.919883728027344
1251,Madagascar,MDG,2010,42.24448013305664
1252,Madagascar,MDG,2011,37.87431716918945
1253,Madagascar,MDG,2012,71.35712432861328
1254,Madagascar,MDG,2013,65.20948791503906
1255,Madagascar,MDG,2014,45.70940017700195
1256,Madagascar,MDG,2015,96.80367279052734
1257,Madagascar,MDG,2016,56.579097747802734
1258,Madagascar,MDG,2017,75.66509246826172
1259,Madagascar,MDG,2018,70.39794921875
1260,Madagascar,MDG,2019,71.02641296386719
1261,Madagascar,MDG,2020,133.45806884765625
1262,Malawi,MWI,2000,463.2294616699219
1263,Malawi,MWI,2001,465.2356262207031
1264,Malawi,MWI,2002,437.955322265625
1265,Malawi,MWI,2003,398.3938293457031
1266,Malawi,MWI,2004,369.7990112304688
1267,Malawi,MWI,2005,363.3733825683594
1268,Malawi,MWI,2006,350.0597839355469
1269,Malawi,MWI,2007,348.56085205078125
1270,Malawi,MWI,2008,365.8872985839844
1271,Malawi,MWI,2009,380.7442321777344
1272,Malawi,MWI,2010,379.3916320800781
1273,Malawi,MWI,2011,364.9436645507813
1274,Malawi,MWI,2012,320.18231201171875
1275,Malawi,MWI,2013,287.1022644042969
1276,Malawi,MWI,2014,261.83416748046875
1277,Malawi,MWI,2015,240.8399200439453
1278,Malawi,MWI,2016,224.8483123779297
1279,Malawi,MWI,2017,217.94284057617188
1280,Malawi,MWI,2018,208.4676818847656
1281,Malawi,MWI,2019,205.8724365234375
1282,Malawi,MWI,2020,228.45327758789065
1283,Malaysia,MYS,2000,13.694127082824709
1284,Malaysia,MYS,2001,13.475838661193848
1285,Malaysia,MYS,2002,11.379326820373535
1286,Malaysia,MYS,2003,6.4152913093566895
1287,Malaysia,MYS,2004,6.107430934906006
1288,Malaysia,MYS,2005,5.419297218322754
1289,Malaysia,MYS,2006,5.051150798797607
1290,Malaysia,MYS,2007,3.787375450134277
1291,Malaysia,MYS,2008,5.572587966918945
1292,Malaysia,MYS,2009,5.367761611938477
1293,Malaysia,MYS,2010,4.603300094604492
1294,Malaysia,MYS,2011,3.4501473903656006
1295,Malaysia,MYS,2012,3.1494925022125244
1296,Malaysia,MYS,2013,0.8721058368682861
1297,Malaysia,MYS,2014,0.4988850355148315
1298,Malaysia,MYS,2015,0.1998615860939026
1299,Malaysia,MYS,2016,0.2167207449674606
1300,Malaysia,MYS,2017,0.0683177560567855
1301,Malaysia,MYS,2018,0.0
1302,Malaysia,MYS,2019,0.0
1303,Malaysia,MYS,2020,0.0
1304,Mali,MLI,2000,406.2294006347656
1305,Mali,MLI,2001,407.4464721679688
1306,Mali,MLI,2002,416.4582824707031
1307,Mali,MLI,2003,423.8088684082031
1308,Mali,MLI,2004,429.3725891113281
1309,Mali,MLI,2005,431.2402648925781
1310,Mali,MLI,2006,405.7103271484375
1311,Mali,MLI,2007,388.8055114746094
1312,Mali,MLI,2008,379.0587463378906
1313,Mali,MLI,2009,374.5623168945313
1314,Mali,MLI,2010,383.6034240722656
1315,Mali,MLI,2011,404.7329406738281
1316,Mali,MLI,2012,435.6505737304688
1317,Mali,MLI,2013,452.8159484863281
1318,Mali,MLI,2014,441.0073852539063
1319,Mali,MLI,2015,391.8293151855469
1320,Mali,MLI,2016,384.2218017578125
1321,Mali,MLI,2017,386.7775573730469
1322,Mali,MLI,2018,386.7775268554688
1323,Mali,MLI,2019,333.6954345703125
1324,Mali,MLI,2020,357.4502258300781
1325,Mauritania,MRT,2000,153.5683135986328
1326,Mauritania,MRT,2001,159.0072479248047
1327,Mauritania,MRT,2002,124.17169189453124
1328,Mauritania,MRT,2003,118.74525451660156
1329,Mauritania,MRT,2004,92.54107666015624
1330,Mauritania,MRT,2005,84.20480346679688
1331,Mauritania,MRT,2006,74.07095336914062
1332,Mauritania,MRT,2007,71.02299499511719
1333,Mauritania,MRT,2008,60.88912963867188
1334,Mauritania,MRT,2009,31.11355972290039
1335,Mauritania,MRT,2010,35.21406936645508
1336,Mauritania,MRT,2011,45.15309524536133
1337,Mauritania,MRT,2012,22.93477439880371
1338,Mauritania,MRT,2013,24.649921417236328
1339,Mauritania,MRT,2014,49.20280075073242
1340,Mauritania,MRT,2015,61.60881805419922
1341,Mauritania,MRT,2016,75.67709350585938
1342,Mauritania,MRT,2017,55.48825454711914
1343,Mauritania,MRT,2018,39.414649963378906
1344,Mauritania,MRT,2019,28.107046127319336
1345,Mauritania,MRT,2020,29.99057960510254
1346,Mexico,MEX,2000,3.5246264934539795
1347,Mexico,MEX,2001,2.3495993614196777
1348,Mexico,MEX,2002,2.144994020462036
1349,Mexico,MEX,2003,1.7475725412368774
1350,Mexico,MEX,2004,1.5372005701065063
1351,Mexico,MEX,2005,1.3202451467514038
1352,Mexico,MEX,2006,1.1024986505508425
1353,Mexico,MEX,2007,1.020128607749939
1354,Mexico,MEX,2008,1.0032848119735718
1355,Mexico,MEX,2009,1.1336973905563354
1356,Mexico,MEX,2010,0.5068689584732056
1357,Mexico,MEX,2011,0.4582624435424804
1358,Mexico,MEX,2012,0.3350478410720825
1359,Mexico,MEX,2013,0.1964960247278213
1360,Mexico,MEX,2014,0.2571008503437042
1361,Mexico,MEX,2015,0.2001243382692337
1362,Mexico,MEX,2016,0.2107342928647995
1363,Mexico,MEX,2017,0.278231531381607
1364,Mexico,MEX,2018,0.3001595437526703
1365,Mexico,MEX,2019,0.2284995019435882
1366,Mexico,MEX,2020,0.1302419602870941
1409,Morocco,MAR,2000,0.0001041895593516
1410,Morocco,MAR,2001,0.0
1411,Morocco,MAR,2002,0.000645056948997
1412,Morocco,MAR,2003,0.0001343053299933
1413,Morocco,MAR,2004,3.32058261847e-05
1414,Morocco,MAR,2005,0.0
1415,Morocco,MAR,2006,0.0
1416,Morocco,MAR,2007,0.0
1417,Morocco,MAR,2008,0.0
1418,Morocco,MAR,2009,0.0
1419,Morocco,MAR,2010,0.0
1420,Morocco,MAR,2011,0.0
1421,Morocco,MAR,2012,0.0
1422,Morocco,MAR,2013,0.0
1423,Morocco,MAR,2014,0.0
1424,Morocco,MAR,2015,0.0
1425,Morocco,MAR,2016,0.0
1426,Morocco,MAR,2017,0.0
1427,Morocco,MAR,2018,0.0
1428,Morocco,MAR,2019,0.0
1429,Morocco,MAR,2020,0.0
1430,Mozambique,MOZ,2000,486.4447021484375
1431,Mozambique,MOZ,2001,501.8713684082031
1432,Mozambique,MOZ,2002,500.46868896484375
1433,Mozambique,MOZ,2003,483.0822448730469
1434,Mozambique,MOZ,2004,452.0640869140625
1435,Mozambique,MOZ,2005,415.1321411132813
1436,Mozambique,MOZ,2006,395.6060485839844
1437,Mozambique,MOZ,2007,382.6486511230469
1438,Mozambique,MOZ,2008,379.2337036132813
1439,Mozambique,MOZ,2009,375.6319580078125
1440,Mozambique,MOZ,2010,371.804931640625
1441,Mozambique,MOZ,2011,368.025634765625
1442,Mozambique,MOZ,2012,367.0550537109375
1443,Mozambique,MOZ,2013,366.406005859375
1444,Mozambique,MOZ,2014,355.9926147460937
1445,Mozambique,MOZ,2015,347.77197265625
1446,Mozambique,MOZ,2016,341.57086181640625
1447,Mozambique,MOZ,2017,328.10089111328125
1448,Mozambique,MOZ,2018,315.26104736328125
1449,Mozambique,MOZ,2019,303.9828491210937
1450,Mozambique,MOZ,2020,320.1939697265625
1451,Myanmar,MMR,2000,48.781959533691406
1452,Myanmar,MMR,2001,48.78194808959961
1453,Myanmar,MMR,2002,48.78197479248047
1454,Myanmar,MMR,2003,48.78197479248047
1455,Myanmar,MMR,2004,48.78196716308594
1456,Myanmar,MMR,2005,48.78197479248047
1457,Myanmar,MMR,2006,34.690155029296875
1458,Myanmar,MMR,2007,43.44719696044922
1459,Myanmar,MMR,2008,52.959693908691406
1460,Myanmar,MMR,2009,49.89893341064453
1461,Myanmar,MMR,2010,66.9845199584961
1462,Myanmar,MMR,2011,43.71217727661133
1463,Myanmar,MMR,2012,57.33041763305664
1464,Myanmar,MMR,2013,19.825252532958984
1465,Myanmar,MMR,2014,12.331241607666016
1466,Myanmar,MMR,2015,8.671064376831055
1467,Myanmar,MMR,2016,5.1322340965271
1468,Myanmar,MMR,2017,3.80064845085144
1469,Myanmar,MMR,2018,3.399881362915039
1470,Myanmar,MMR,2019,2.4447600841522217
1471,Myanmar,MMR,2020,2.545546293258667
1472,Namibia,NAM,2000,54.6323127746582
1473,Namibia,NAM,2001,71.0877456665039
1474,Namibia,NAM,2002,47.89938735961914
1475,Namibia,NAM,2003,45.297996520996094
1476,Namibia,NAM,2004,69.66609191894531
1477,Namibia,NAM,2005,42.44483947753906
1478,Namibia,NAM,2006,43.57037353515625
1479,Namibia,NAM,2007,12.973794937133787
1480,Namibia,NAM,2008,7.456530094146728
1481,Namibia,NAM,2009,4.916988849639893
1482,Namibia,NAM,2010,1.5399634838104248
1483,Namibia,NAM,2011,1.8062024116516116
1484,Namibia,NAM,2012,3.138159275054932
1485,Namibia,NAM,2013,4.424526691436768
1486,Namibia,NAM,2014,14.286260604858398
1487,Namibia,NAM,2015,8.191778182983398
1488,Namibia,NAM,2016,17.12456703186035
1489,Namibia,NAM,2017,46.74943161010742
1490,Namibia,NAM,2018,25.84058952331543
1491,Namibia,NAM,2019,2.881272315979004
1492,Namibia,NAM,2020,10.044365882873535
1493,Nepal,NPL,2000,6.904836177825928
1494,Nepal,NPL,2001,7.892206192016602
1495,Nepal,NPL,2002,11.873038291931152
1496,Nepal,NPL,2003,10.007036209106444
1497,Nepal,NPL,2004,4.712602615356445
1498,Nepal,NPL,2005,4.82128381729126
1499,Nepal,NPL,2006,4.700502872467041
1500,Nepal,NPL,2007,5.503152847290039
1501,Nepal,NPL,2008,4.005154609680176
1502,Nepal,NPL,2009,3.285983800888061
1503,Nepal,NPL,2010,3.850846290588379
1504,Nepal,NPL,2011,2.358359336853028
1505,Nepal,NPL,2012,1.743844747543335
1506,Nepal,NPL,2013,1.300840973854065
1507,Nepal,NPL,2014,0.625586748123169
1508,Nepal,NPL,2015,0.5572612881660461
1509,Nepal,NPL,2016,0.4236780703067779
1510,Nepal,NPL,2017,0.3353607058525085
1511,Nepal,NPL,2018,0.3354740738868713
1512,Nepal,NPL,2019,0.0558730736374855
1513,Nepal,NPL,2020,0.0289672333747148
1514,Nicaragua,NIC,2000,13.536531448364258
1515,Nicaragua,NIC,2001,5.91063404083252
1516,Nicaragua,NIC,2002,4.277435779571533
1517,Nicaragua,NIC,2003,3.682671308517456
1518,Nicaragua,NIC,2004,3.730051040649414
1519,Nicaragua,NIC,2005,3.543403148651123
1520,Nicaragua,NIC,2006,1.6383061408996582
1521,Nicaragua,NIC,2007,0.7036703824996948
1522,Nicaragua,NIC,2008,0.3900825977325439
1523,Nicaragua,NIC,2009,0.3078239560127258
1524,Nicaragua,NIC,2010,0.3445833027362823
1525,Nicaragua,NIC,2011,0.4544618427753448
1526,Nicaragua,NIC,2012,0.5989184379577637
1527,Nicaragua,NIC,2013,0.5558780431747437
1528,Nicaragua,NIC,2014,0.5392900109291077
1529,Nicaragua,NIC,2015,1.0624195337295532
1530,Nicaragua,NIC,2016,2.884417533874512
1531,Nicaragua,NIC,2017,4.9752726554870605
1532,Nicaragua,NIC,2018,7.142677307128906
1533,Nicaragua,NIC,2019,5.85101318359375
1534,Nicaragua,NIC,2020,11.496681213378906
1535,Niger,NER,2000,363.228515625
1536,Niger,NER,2001,353.20623779296875
1537,Niger,NER,2002,327.1295166015625
1538,Niger,NER,2003,294.6735534667969
1539,Niger,NER,2004,299.2618408203125
1540,Niger,NER,2005,307.4595642089844
1541,Niger,NER,2006,304.83917236328125
1542,Niger,NER,2007,313.59490966796875
1543,Niger,NER,2008,352.1458740234375
1544,Niger,NER,2009,379.5455627441406
1545,Niger,NER,2010,414.34814453125
1546,Niger,NER,2011,428.1175842285156
1547,Niger,NER,2012,429.7185974121094
1548,Niger,NER,2013,416.6250915527344
1549,Niger,NER,2014,409.3048706054688
1550,Niger,NER,2015,403.9150695800781
1551,Niger,NER,2016,387.5677795410156
1552,Niger,NER,2017,364.3302307128906
1553,Niger,NER,2018,344.9268798828125
1554,Niger,NER,2019,326.5780334472656
1555,Niger,NER,2020,324.1061706542969
1556,Nigeria,NGA,2000,418.0386352539063
1557,Nigeria,NGA,2001,407.7618408203125
1558,Nigeria,NGA,2002,392.9392395019531
1559,Nigeria,NGA,2003,391.6551208496094
1560,Nigeria,NGA,2004,401.1536560058594
1561,Nigeria,NGA,2005,407.7854614257813
1562,Nigeria,NGA,2006,410.96142578125
1563,Nigeria,NGA,2007,412.4350280761719
1564,Nigeria,NGA,2008,413.0924987792969
1565,Nigeria,NGA,2009,400.1757507324219
1566,Nigeria,NGA,2010,373.25872802734375
1567,Nigeria,NGA,2011,350.5023498535156
1568,Nigeria,NGA,2012,328.05377197265625
1569,Nigeria,NGA,2013,308.1847229003906
1570,Nigeria,NGA,2014,297.3432922363281
1571,Nigeria,NGA,2015,292.5424194335937
1572,Nigeria,NGA,2016,293.923583984375
1573,Nigeria,NGA,2017,297.9619140625
1574,Nigeria,NGA,2018,299.0205993652344
1575,Nigeria,NGA,2019,300.4425354003906
1576,Nigeria,NGA,2020,313.7580871582031
1577,North Korea,PRK,2000,10.117111206054688
1578,North Korea,PRK,2001,12.79922866821289
1579,North Korea,PRK,2002,10.846659660339355
1580,North Korea,PRK,2003,1.7990070581436155
1581,North Korea,PRK,2004,1.707858681678772
1582,North Korea,PRK,2005,0.7207980155944824
1583,North Korea,PRK,2006,0.7359780073165894
1584,North Korea,PRK,2007,0.5076728463172913
1585,North Korea,PRK,2008,1.7498849630355835
1586,North Korea,PRK,2009,1.5339491367340088
1587,North Korea,PRK,2010,1.4104150533676147
1588,North Korea,PRK,2011,1.739587903022766
1589,North Korea,PRK,2012,2.256263494491577
1590,North Korea,PRK,2013,1.479998230934143
1591,North Korea,PRK,2014,1.0766955614089966
1592,North Korea,PRK,2015,0.714069128036499
1593,North Korea,PRK,2016,0.5093027949333191
1594,North Korea,PRK,2017,0.4635525643825531
1595,North Korea,PRK,2018,0.3706669807434082
1596,North Korea,PRK,2019,0.186487466096878
1597,North Korea,PRK,2020,0.1807053387165069
1598,Oman,OMN,2000,0.0026455342303961
1599,Oman,OMN,2001,0.0008714752621017
1600,Oman,OMN,2002,0.0025697471573948
1601,Oman,OMN,2003,0.0025144959799945
1602,Oman,OMN,2004,0.0
1603,Oman,OMN,2005,0.0
1604,Oman,OMN,2006,0.0
1605,Oman,OMN,2007,0.0015053654788061
1606,Oman,OMN,2008,0.0
1607,Oman,OMN,2009,0.0
1608,Oman,OMN,2010,0.0
1609,Oman,OMN,2011,0.0
1610,Oman,OMN,2012,0.0
1611,Oman,OMN,2013,0.0
1612,Oman,OMN,2014,0.0
1613,Oman,OMN,2015,0.0
1614,Oman,OMN,2016,0.0
1615,Oman,OMN,2017,0.0
1616,Oman,OMN,2018,0.0
1617,Oman,OMN,2019,0.0
1618,Oman,OMN,2020,0.0
1619,Pakistan,PAK,2000,6.640674114227295
1620,Pakistan,PAK,2001,7.231227397918701
1621,Pakistan,PAK,2002,6.572575092315674
1622,Pakistan,PAK,2003,6.144093990325928
1623,Pakistan,PAK,2004,4.438295364379883
1624,Pakistan,PAK,2005,5.362873554229736
1625,Pakistan,PAK,2006,5.27808952331543
1626,Pakistan,PAK,2007,5.063821792602539
1627,Pakistan,PAK,2008,4.52622652053833
1628,Pakistan,PAK,2009,5.885982990264893
1629,Pakistan,PAK,2010,8.19587230682373
1630,Pakistan,PAK,2011,10.57423496246338
1631,Pakistan,PAK,2012,8.975686073303223
1632,Pakistan,PAK,2013,7.547874927520752
1633,Pakistan,PAK,2014,7.152639389038086
1634,Pakistan,PAK,2015,5.062796592712402
1635,Pakistan,PAK,2016,4.999025344848633
1636,Pakistan,PAK,2017,4.011571884155273
1637,Pakistan,PAK,2018,3.3815009593963623
1638,Pakistan,PAK,2019,3.007784605026245
1639,Pakistan,PAK,2020,2.5002596378326416
1640,Panama,PAN,2000,0.3721472918987274
1641,Panama,PAN,2001,0.3268639743328094
1642,Panama,PAN,2002,0.7756123542785645
1643,Panama,PAN,2003,1.5264755487442017
1644,Panama,PAN,2004,1.6962425708770752
1645,Panama,PAN,2005,1.1984148025512695
1646,Panama,PAN,2006,0.5336452722549438
1647,Panama,PAN,2007,0.4037490785121918
1648,Panama,PAN,2008,0.2301803082227707
1649,Panama,PAN,2009,0.2365248054265976
1650,Panama,PAN,2010,0.124856412410736
1651,Panama,PAN,2011,0.1037437543272972
1652,Panama,PAN,2012,0.243432730436325
1653,Panama,PAN,2013,0.1994326412677765
1654,Panama,PAN,2014,0.2662784159183502
1655,Panama,PAN,2015,0.1497693806886673
1656,Panama,PAN,2016,0.2071392685174942
1657,Panama,PAN,2017,0.2016105651855468
1658,Panama,PAN,2018,0.1952570527791977
1659,Panama,PAN,2019,0.4048067629337311
1660,Panama,PAN,2020,0.5524364113807678
1661,Papua New Guinea,PNG,2000,250.0601043701172
1662,Papua New Guinea,PNG,2001,241.61407470703125
1663,Papua New Guinea,PNG,2002,202.6431884765625
1664,Papua New Guinea,PNG,2003,214.2252960205078
1665,Papua New Guinea,PNG,2004,268.83074951171875
1666,Papua New Guinea,PNG,2005,217.6317596435547
1667,Papua New Guinea,PNG,2006,222.91339111328125
1668,Papua New Guinea,PNG,2007,183.77915954589844
1669,Papua New Guinea,PNG,2008,169.1918182373047
1670,Papua New Guinea,PNG,2009,218.81854248046875
1671,Papua New Guinea,PNG,2010,147.63453674316406
1672,Papua New Guinea,PNG,2011,120.31991577148438
1673,Papua New Guinea,PNG,2012,161.52084350585938
1674,Papua New Guinea,PNG,2013,182.3509521484375
1675,Papua New Guinea,PNG,2014,203.0858459472656
1676,Papua New Guinea,PNG,2015,109.120849609375
1677,Papua New Guinea,PNG,2016,146.15573120117188
1678,Papua New Guinea,PNG,2017,145.79490661621094
1679,Papua New Guinea,PNG,2018,151.25772094726562
1680,Papua New Guinea,PNG,2019,128.17807006835938
1681,Papua New Guinea,PNG,2020,164.3137969970703
1682,Paraguay,PRY,2000,35.76069259643555
1683,Paraguay,PRY,2001,13.867354393005373
1684,Paraguay,PRY,2002,13.949284553527832
1685,Paraguay,PRY,2003,6.864345550537109
1686,Paraguay,PRY,2004,3.3640329837799072
1687,Paraguay,PRY,2005,1.7933199405670166
1688,Paraguay,PRY,2006,3.866118669509888
1689,Paraguay,PRY,2007,6.209971904754639
1690,Paraguay,PRY,2008,1.55760395526886
1691,Paraguay,PRY,2009,0.3605194985866546
1692,Paraguay,PRY,2010,0.0889173448085784
1693,Paraguay,PRY,2011,0.0043855225667357
1694,Paraguay,PRY,2012,0.0
1695,Paraguay,PRY,2013,0.0
1696,Paraguay,PRY,2014,0.0
1697,Paraguay,PRY,2015,0.0
1698,Paraguay,PRY,2016,0.0
1699,Paraguay,PRY,2017,0.0
1700,Paraguay,PRY,2018,0.0
1701,Paraguay,PRY,2019,0.0
1702,Paraguay,PRY,2020,0.0
1703,Peru,PER,2000,9.071142196655272
1704,Peru,PER,2001,9.98196029663086
1705,Peru,PER,2002,12.115548133850098
1706,Peru,PER,2003,10.400800704956056
1707,Peru,PER,2004,10.635049819946287
1708,Peru,PER,2005,9.88002872467041
1709,Peru,PER,2006,7.253000736236572
1710,Peru,PER,2007,5.62837028503418
1711,Peru,PER,2008,4.867831230163574
1712,Peru,PER,2009,4.601362705230713
1713,Peru,PER,2010,3.3196470737457275
1714,Peru,PER,2011,2.6904821395874023
1715,Peru,PER,2012,3.4892311096191406
1716,Peru,PER,2013,5.3590593338012695
1717,Peru,PER,2014,7.102209568023682
1718,Peru,PER,2015,9.71850299835205
1719,Peru,PER,2016,5.996455669403076
1720,Peru,PER,2017,5.875031471252441
1721,Peru,PER,2018,4.652540683746338
1722,Peru,PER,2019,3.5813050270080566
1723,Peru,PER,2020,2.2969071865081787
1724,Philippines,PHL,2000,1.765706181526184
1725,Philippines,PHL,2001,1.2134846448898315
1726,Philippines,PHL,2002,1.4937973022460938
1727,Philippines,PHL,2003,2.0835511684417725
1728,Philippines,PHL,2004,1.854362726211548
1729,Philippines,PHL,2005,1.6588441133499146
1730,Philippines,PHL,2006,2.017869234085083
1731,Philippines,PHL,2007,2.1715734004974365
1732,Philippines,PHL,2008,1.4135332107543943
1733,Philippines,PHL,2009,1.096060037612915
1734,Philippines,PHL,2010,0.980607271194458
1735,Philippines,PHL,2011,0.4309444725513458
1736,Philippines,PHL,2012,0.339578628540039
1737,Philippines,PHL,2013,0.3050924241542816
1738,Philippines,PHL,2014,0.2452888488769531
1739,Philippines,PHL,2015,0.4704962372779846
1740,Philippines,PHL,2016,0.2875831127166748
1741,Philippines,PHL,2017,0.2709317505359649
1742,Philippines,PHL,2018,0.1759860515594482
1743,Philippines,PHL,2019,0.2155838161706924
1744,Philippines,PHL,2020,0.6760570406913757
1745,Rwanda,RWA,2000,250.038818359375
1746,Rwanda,RWA,2001,238.6040802001953
1747,Rwanda,RWA,2002,190.4296112060547
1748,Rwanda,RWA,2003,151.75454711914062
1749,Rwanda,RWA,2004,129.91290283203125
1750,Rwanda,RWA,2005,157.40750122070312
1751,Rwanda,RWA,2006,154.46170043945312
1752,Rwanda,RWA,2007,90.63843536376952
1753,Rwanda,RWA,2008,71.77896118164062
1754,Rwanda,RWA,2009,158.1004180908203
1755,Rwanda,RWA,2010,107.55340576171876
1756,Rwanda,RWA,2011,37.94795989990234
1757,Rwanda,RWA,2012,61.27074432373047
1758,Rwanda,RWA,2013,112.3450698852539
1759,Rwanda,RWA,2014,207.4339599609375
1760,Rwanda,RWA,2015,315.3788452148437
1761,Rwanda,RWA,2016,418.8797302246094
1762,Rwanda,RWA,2017,724.5673828125
1763,Rwanda,RWA,2018,498.6729431152344
1764,Rwanda,RWA,2019,363.580078125
1765,Rwanda,RWA,2020,230.54345703125
1766,Sao Tome and Principe,STP,2000,224.75819396972656
1767,Sao Tome and Principe,STP,2001,290.7294921875
1768,Sao Tome and Principe,STP,2002,343.0722351074219
1769,Sao Tome and Principe,STP,2003,283.60760498046875
1770,Sao Tome and Principe,STP,2004,302.37548828125
1771,Sao Tome and Principe,STP,2005,115.18872833251952
1772,Sao Tome and Principe,STP,2006,31.829090118408203
1773,Sao Tome and Principe,STP,2007,14.558290481567385
1774,Sao Tome and Principe,STP,2008,36.57040023803711
1775,Sao Tome and Principe,STP,2009,35.149566650390625
1776,Sao Tome and Principe,STP,2010,15.19082736968994
1777,Sao Tome and Principe,STP,2011,45.75088882446289
1778,Sao Tome and Principe,STP,2012,66.61570739746094
1779,Sao Tome and Principe,STP,2013,48.121578216552734
1780,Sao Tome and Principe,STP,2014,8.961462020874023
1781,Sao Tome and Principe,STP,2015,10.308916091918944
1782,Sao Tome and Principe,STP,2016,11.012640953063965
1783,Sao Tome and Principe,STP,2017,10.811933517456056
1784,Sao Tome and Principe,STP,2018,13.917320251464844
1785,Sao Tome and Principe,STP,2019,12.704140663146973
1786,Sao Tome and Principe,STP,2020,8.819999694824219
1787,Saudi Arabia,SAU,2000,3.991832733154297
1788,Saudi Arabia,SAU,2001,1.809786438941956
1789,Saudi Arabia,SAU,2002,1.495285153388977
1790,Saudi Arabia,SAU,2003,0.9583096504211426
1791,Saudi Arabia,SAU,2004,0.6648107171058655
1792,Saudi Arabia,SAU,2005,0.5550567507743835
1793,Saudi Arabia,SAU,2006,0.6511906385421753
1794,Saudi Arabia,SAU,2007,0.2314703464508056
1795,Saudi Arabia,SAU,2008,0.0294127576053142
1796,Saudi Arabia,SAU,2009,0.0271872486919164
1797,Saudi Arabia,SAU,2010,0.0132014220580458
1798,Saudi Arabia,SAU,2011,0.0304700881242752
1799,Saudi Arabia,SAU,2012,0.0351087674498558
1800,Saudi Arabia,SAU,2013,0.0141227096319198
1801,Saudi Arabia,SAU,2014,0.0121127553284168
1802,Saudi Arabia,SAU,2015,0.0326655507087707
1803,Saudi Arabia,SAU,2016,0.1046538650989532
1804,Saudi Arabia,SAU,2017,0.0667487531900405
1805,Saudi Arabia,SAU,2018,0.0225932039320468
1806,Saudi Arabia,SAU,2019,0.013842080719769
1807,Saudi Arabia,SAU,2020,0.0297604314982891
1808,Senegal,SEN,2000,306.2422180175781
1809,Senegal,SEN,2001,273.6445007324219
1810,Senegal,SEN,2002,223.62013244628903
1811,Senegal,SEN,2003,202.76129150390625
1812,Senegal,SEN,2004,138.99806213378906
1813,Senegal,SEN,2005,125.26434326171876
1814,Senegal,SEN,2006,121.2690200805664
1815,Senegal,SEN,2007,99.26732635498048
1816,Senegal,SEN,2008,52.376651763916016
1817,Senegal,SEN,2009,32.89095687866211
1818,Senegal,SEN,2010,60.474945068359375
1819,Senegal,SEN,2011,48.8975830078125
1820,Senegal,SEN,2012,53.26776123046875
1821,Senegal,SEN,2013,61.78315734863281
1822,Senegal,SEN,2014,38.56818389892578
1823,Senegal,SEN,2015,69.34406280517578
1824,Senegal,SEN,2016,45.62846374511719
1825,Senegal,SEN,2017,52.252967834472656
1826,Senegal,SEN,2018,66.08032989501953
1827,Senegal,SEN,2019,41.249759674072266
1828,Senegal,SEN,2020,49.92937850952149
1829,Sierra Leone,SLE,2000,469.9969787597656
1830,Sierra Leone,SLE,2001,473.0053405761719
1831,Sierra Leone,SLE,2002,465.0253601074219
1832,Sierra Leone,SLE,2003,444.0573120117188
1833,Sierra Leone,SLE,2004,428.5881652832031
1834,Sierra Leone,SLE,2005,408.4350891113281
1835,Sierra Leone,SLE,2006,392.0902099609375
1836,Sierra Leone,SLE,2007,397.6348571777344
1837,Sierra Leone,SLE,2008,425.2909240722656
1838,Sierra Leone,SLE,2009,447.0641479492188
1839,Sierra Leone,SLE,2010,448.0709228515625
1840,Sierra Leone,SLE,2011,441.33001708984375
1841,Sierra Leone,SLE,2012,429.6283264160156
1842,Sierra Leone,SLE,2013,414.096923828125
1843,Sierra Leone,SLE,2014,400.7931823730469
1844,Sierra Leone,SLE,2015,391.7673950195313
1845,Sierra Leone,SLE,2016,386.2408752441406
1846,Sierra Leone,SLE,2017,369.61181640625
1847,Sierra Leone,SLE,2018,361.8768615722656
1848,Sierra Leone,SLE,2019,347.4770202636719
1849,Sierra Leone,SLE,2020,328.1901550292969
1850,Solomon Islands,SLB,2000,623.15380859375
1851,Solomon Islands,SLB,2001,681.25537109375
1852,Solomon Islands,SLB,2002,649.7857666015625
1853,Solomon Islands,SLB,2003,540.467041015625
1854,Solomon Islands,SLB,2004,744.1641845703125
1855,Solomon Islands,SLB,2005,614.7977905273438
1856,Solomon Islands,SLB,2006,591.8597412109375
1857,Solomon Islands,SLB,2007,319.14508056640625
1858,Solomon Islands,SLB,2008,186.8613739013672
1859,Solomon Islands,SLB,2009,147.64817810058594
1860,Solomon Islands,SLB,2010,174.94862365722656
1861,Solomon Islands,SLB,2011,116.9097137451172
1862,Solomon Islands,SLB,2012,94.86017608642578
1863,Solomon Islands,SLB,2013,94.92145538330078
1864,Solomon Islands,SLB,2014,52.3908805847168
1865,Solomon Islands,SLB,2015,66.67381286621094
1866,Solomon Islands,SLB,2016,137.26858520507812
1867,Solomon Islands,SLB,2017,164.51023864746094
1868,Solomon Islands,SLB,2018,134.11167907714844
1869,Solomon Islands,SLB,2019,212.7979431152344
1870,Solomon Islands,SLB,2020,167.6727752685547
1871,Somalia,SOM,2000,125.58393096923828
1872,Somalia,SOM,2001,125.96053314208984
1873,Somalia,SOM,2002,126.18816375732422
1874,Somalia,SOM,2003,120.99838256835938
1875,Somalia,SOM,2004,119.99140167236328
1876,Somalia,SOM,2005,136.56423950195312
1877,Somalia,SOM,2006,120.06768035888672
1878,Somalia,SOM,2007,100.56315612792967
1879,Somalia,SOM,2008,63.09933471679688
1880,Somalia,SOM,2009,38.43658447265625
1881,Somalia,SOM,2010,43.7015380859375
1882,Somalia,SOM,2011,35.61273956298828
1883,Somalia,SOM,2012,35.71598815917969
1884,Somalia,SOM,2013,41.76121520996094
1885,Somalia,SOM,2014,47.702030181884766
1886,Somalia,SOM,2015,55.74832534790039
1887,Somalia,SOM,2016,56.0155029296875
1888,Somalia,SOM,2017,55.72851943969727
1889,Somalia,SOM,2018,51.46187973022461
1890,Somalia,SOM,2019,49.1394157409668
1891,Somalia,SOM,2020,52.20149993896485
1892,South Africa,ZAF,2000,4.017104625701904
1893,South Africa,ZAF,2001,5.8163838386535645
1894,South Africa,ZAF,2002,3.3908324241638184
1895,South Africa,ZAF,2003,2.880829095840454
1896,South Africa,ZAF,2004,2.833272218704224
1897,South Africa,ZAF,2005,1.6196541786193848
1898,South Africa,ZAF,2006,2.4949750900268555
1899,South Africa,ZAF,2007,1.2880762815475464
1900,South Africa,ZAF,2008,1.5661077499389648
1901,South Africa,ZAF,2009,1.2029238939285278
1902,South Africa,ZAF,2010,1.5736974477767944
1903,South Africa,ZAF,2011,1.897170901298523
1904,South Africa,ZAF,2012,1.2532020807266235
1905,South Africa,ZAF,2013,1.6102558374404907
1906,South Africa,ZAF,2014,2.1459667682647705
1907,South Africa,ZAF,2015,0.8953466415405273
1908,South Africa,ZAF,2016,0.7691125273704529
1909,South Africa,ZAF,2017,3.94967532157898
1910,South Africa,ZAF,2018,1.6507329940795898
1911,South Africa,ZAF,2019,0.5287042260169983
1912,South Africa,ZAF,2020,0.7525035738945007
1934,South Korea,KOR,2000,1.2612519264221191
1935,South Korea,KOR,2001,0.7653989195823669
1936,South Korea,KOR,2002,0.5354217886924744
1937,South Korea,KOR,2003,0.3466278314590454
1938,South Korea,KOR,2004,0.2545263767242431
1939,South Korea,KOR,2005,0.4015753269195556
1940,South Korea,KOR,2006,0.5994217395782471
1941,South Korea,KOR,2007,0.6488101482391357
1942,South Korea,KOR,2008,0.3087628185749054
1943,South Korea,KOR,2009,0.259964257478714
1944,South Korea,KOR,2010,0.3653198182582855
1945,South Korea,KOR,2011,0.1449054926633834
1946,South Korea,KOR,2012,0.1124350950121879
1947,South Korea,KOR,2013,0.1086771488189697
1948,South Korea,KOR,2014,0.1572312414646148
1949,South Korea,KOR,2015,0.1762416213750839
1950,South Korea,KOR,2016,0.1686822175979614
1951,South Korea,KOR,2017,0.1218984425067901
1952,South Korea,KOR,2018,0.139865294098854
1953,South Korea,KOR,2019,0.1352567821741104
1954,South Korea,KOR,2020,0.0991963446140289
1955,South Sudan,SSD,2000,367.164306640625
1956,South Sudan,SSD,2001,357.181396484375
1957,South Sudan,SSD,2002,336.6075439453125
1958,South Sudan,SSD,2003,318.788330078125
1959,South Sudan,SSD,2004,306.6630249023437
1960,South Sudan,SSD,2005,305.7484130859375
1961,South Sudan,SSD,2006,305.2316589355469
1962,South Sudan,SSD,2007,299.469970703125
1963,South Sudan,SSD,2008,293.1525573730469
1964,South Sudan,SSD,2009,286.080322265625
1965,South Sudan,SSD,2010,285.6964416503906
1966,South Sudan,SSD,2011,290.85797119140625
1967,South Sudan,SSD,2012,287.80029296875
1968,South Sudan,SSD,2013,285.73834228515625
1969,South Sudan,SSD,2014,276.305419921875
1970,South Sudan,SSD,2015,271.0006408691406
1971,South Sudan,SSD,2016,266.5478515625
1972,South Sudan,SSD,2017,277.78369140625
1973,South Sudan,SSD,2018,278.7906494140625
1974,South Sudan,SSD,2019,281.2589111328125
1975,South Sudan,SSD,2020,286.8866271972656
1976,Sri Lanka,LKA,2000,48.633094787597656
1977,Sri Lanka,LKA,2001,15.293478965759276
1978,Sri Lanka,LKA,2002,9.445144653320312
1979,Sri Lanka,LKA,2003,2.37700629234314
1980,Sri Lanka,LKA,2004,0.8342593312263489
1981,Sri Lanka,LKA,2005,0.3648216724395752
1982,Sri Lanka,LKA,2006,0.1304614394903183
1983,Sri Lanka,LKA,2007,0.0433861352503299
1984,Sri Lanka,LKA,2008,0.1412000358104705
1985,Sri Lanka,LKA,2009,0.1147263199090957
1986,Sri Lanka,LKA,2010,0.1467748433351516
1987,Sri Lanka,LKA,2011,0.0264299120754003
1988,Sri Lanka,LKA,2012,0.0048703048378229
1989,Sri Lanka,LKA,2013,0.0
1990,Sri Lanka,LKA,2014,0.0
1991,Sri Lanka,LKA,2015,0.0
1992,Sri Lanka,LKA,2016,0.0
1993,Sri Lanka,LKA,2017,0.0
1994,Sri Lanka,LKA,2018,0.0
1995,Sri Lanka,LKA,2019,0.0
1996,Sri Lanka,LKA,2020,0.0
2018,Sudan,SDN,2000,92.77144622802734
2019,Sudan,SDN,2001,86.35269927978516
2020,Sudan,SDN,2002,66.65404510498047
2021,Sudan,SDN,2003,61.08877944946289
2022,Sudan,SDN,2004,55.37405014038086
2023,Sudan,SDN,2005,54.65161895751953
2024,Sudan,SDN,2006,52.67852020263672
2025,Sudan,SDN,2007,46.51382064819336
2026,Sudan,SDN,2008,38.63531112670898
2027,Sudan,SDN,2009,34.629756927490234
2028,Sudan,SDN,2010,32.72938537597656
2029,Sudan,SDN,2011,32.5628776550293
2030,Sudan,SDN,2012,33.06528854370117
2031,Sudan,SDN,2013,34.939292907714844
2032,Sudan,SDN,2014,38.57275772094727
2033,Sudan,SDN,2015,42.21242904663086
2034,Sudan,SDN,2016,53.25981903076172
2035,Sudan,SDN,2017,53.77650451660156
2036,Sudan,SDN,2018,59.18902969360352
2037,Sudan,SDN,2019,65.59085845947266
2038,Sudan,SDN,2020,73.39837646484375
2039,Suriname,SUR,2000,163.33131408691406
2040,Suriname,SUR,2001,227.35086059570312
2041,Suriname,SUR,2002,180.23165893554688
2042,Suriname,SUR,2003,152.3838653564453
2043,Suriname,SUR,2004,114.89933776855467
2044,Suriname,SUR,2005,123.77660369873048
2045,Suriname,SUR,2006,44.070159912109375
2046,Suriname,SUR,2007,14.622323036193848
2047,Suriname,SUR,2008,27.3115291595459
2048,Suriname,SUR,2009,32.34407043457031
2049,Suriname,SUR,2010,22.66125869750977
2050,Suriname,SUR,2011,10.057561874389648
2051,Suriname,SUR,2012,7.1176605224609375
2052,Suriname,SUR,2013,9.018370628356934
2053,Suriname,SUR,2014,4.907059669494629
2054,Suriname,SUR,2015,0.9808195233345032
2055,Suriname,SUR,2016,0.9109105467796326
2056,Suriname,SUR,2017,0.2254871726036071
2057,Suriname,SUR,2018,0.3408837020397186
2058,Suriname,SUR,2019,1.106362223625183
2059,Suriname,SUR,2020,1.696578025817871
2060,Syria,SYR,2000,0.00036561183515
2061,Syria,SYR,2001,0.0037574802991002
2062,Syria,SYR,2002,0.0008779822383075
2063,Syria,SYR,2003,0.0001148421142715
2064,Syria,SYR,2004,5.60920852876e-05
2065,Syria,SYR,2005,0.0
2066,Syria,SYR,2006,0.0
2067,Syria,SYR,2007,0.0
2068,Syria,SYR,2008,0.0
2069,Syria,SYR,2009,0.0
2070,Syria,SYR,2010,0.0
2071,Syria,SYR,2011,0.0
2072,Syria,SYR,2012,0.0
2073,Syria,SYR,2013,0.0
2074,Syria,SYR,2014,0.0
2075,Syria,SYR,2015,0.0
2076,Syria,SYR,2016,0.0
2077,Syria,SYR,2017,0.0
2078,Syria,SYR,2018,0.0
2079,Syria,SYR,2019,0.0
2080,Syria,SYR,2020,0.0
2081,Tajikistan,TJK,2000,9.181925773620604
2082,Tajikistan,TJK,2001,5.395705699920654
2083,Tajikistan,TJK,2002,2.8696930408477783
2084,Tajikistan,TJK,2003,2.4843504428863525
2085,Tajikistan,TJK,2004,1.6124117374420166
2086,Tajikistan,TJK,2005,1.0182428359985352
2087,Tajikistan,TJK,2006,0.5812784433364868
2088,Tajikistan,TJK,2007,0.2691898345947265
2089,Tajikistan,TJK,2008,0.1320535540580749
2090,Tajikistan,TJK,2009,0.0666713565587997
2091,Tajikistan,TJK,2010,0.0445478595793247
2092,Tajikistan,TJK,2011,0.030338779091835
2093,Tajikistan,TJK,2012,0.0106455981731414
2094,Tajikistan,TJK,2013,0.0014859023503959
2095,Tajikistan,TJK,2014,0.0007255725213326
2096,Tajikistan,TJK,2015,0.0
2097,Tajikistan,TJK,2016,0.0
2098,Tajikistan,TJK,2017,0.0
2099,Tajikistan,TJK,2018,0.0
2100,Tajikistan,TJK,2019,0.0
2101,Tanzania,TZA,2000,339.9335021972656
2102,Tanzania,TZA,2001,328.4190979003906
2103,Tanzania,TZA,2002,302.44598388671875
2104,Tanzania,TZA,2003,283.7146911621094
2105,Tanzania,TZA,2004,267.0958251953125
2106,Tanzania,TZA,2005,248.37838745117188
2107,Tanzania,TZA,2006,226.7129364013672
2108,Tanzania,TZA,2007,198.62619018554688
2109,Tanzania,TZA,2008,171.0659942626953
2110,Tanzania,TZA,2009,151.10389709472656
2111,Tanzania,TZA,2010,137.37315368652344
2112,Tanzania,TZA,2011,127.43378448486328
2113,Tanzania,TZA,2012,124.63892364501952
2114,Tanzania,TZA,2013,134.51852416992188
2115,Tanzania,TZA,2014,144.90892028808594
2116,Tanzania,TZA,2015,140.30430603027344
2117,Tanzania,TZA,2016,131.28260803222656
2118,Tanzania,TZA,2017,123.57073974609376
2119,Tanzania,TZA,2018,114.92499542236328
2120,Tanzania,TZA,2019,111.84002685546876
2121,Tanzania,TZA,2020,120.17332458496094
2122,Thailand,THA,2000,6.5764031410217285
2123,Thailand,THA,2001,5.268886566162109
2124,Thailand,THA,2002,3.664740800857544
2125,Thailand,THA,2003,3.0496411323547363
2126,Thailand,THA,2004,2.164023160934448
2127,Thailand,THA,2005,2.399186134338379
2128,Thailand,THA,2006,2.425734758377075
2129,Thailand,THA,2007,2.6418323516845703
2130,Thailand,THA,2008,2.2629058361053467
2131,Thailand,THA,2009,2.321917533874512
2132,Thailand,THA,2010,2.5472655296325684
2133,Thailand,THA,2011,1.9432127475738523
2134,Thailand,THA,2012,3.643022775650024
2135,Thailand,THA,2013,3.217204093933105
2136,Thailand,THA,2014,3.173804998397827
2137,Thailand,THA,2015,0.6152186393737793
2138,Thailand,THA,2016,0.5675429701805115
2139,Thailand,THA,2017,0.43355593085289
2140,Thailand,THA,2018,0.3094557523727417
2141,Thailand,THA,2019,0.2420499324798584
2142,Thailand,THA,2020,0.2270248830318451
2143,Timor,TLS,2000,151.88143920898438
2144,Timor,TLS,2001,151.8817901611328
2145,Timor,TLS,2002,120.25370025634766
2146,Timor,TLS,2003,75.80450439453125
2147,Timor,TLS,2004,256.047119140625
2148,Timor,TLS,2005,164.2731475830078
2149,Timor,TLS,2006,171.85198974609375
2150,Timor,TLS,2007,117.66619110107422
2151,Timor,TLS,2008,135.16078186035156
2152,Timor,TLS,2009,102.18572235107422
2153,Timor,TLS,2010,99.74107360839844
2154,Timor,TLS,2011,31.296236038208008
2155,Timor,TLS,2012,7.263520240783691
2156,Timor,TLS,2013,1.5599099397659302
2157,Timor,TLS,2014,0.5142733454704285
2158,Timor,TLS,2015,0.0977669134736061
2159,Timor,TLS,2016,0.0976671501994133
2160,Timor,TLS,2017,0.0188147239387035
2161,Timor,TLS,2018,0.0
2162,Timor,TLS,2019,0.0
2163,Timor,TLS,2020,0.0032257882412523
2164,Togo,TGO,2000,445.7839050292969
2165,Togo,TGO,2001,441.940673828125
2166,Togo,TGO,2002,444.3766174316406
2167,Togo,TGO,2003,453.68304443359375
2168,Togo,TGO,2004,465.7990417480469
2169,Togo,TGO,2005,461.2870178222656
2170,Togo,TGO,2006,445.59814453125
2171,Togo,TGO,2007,422.6729431152344
2172,Togo,TGO,2008,378.9661254882813
2173,Togo,TGO,2009,335.3555603027344
2174,Togo,TGO,2010,318.5719299316406
2175,Togo,TGO,2011,316.851318359375
2176,Togo,TGO,2012,341.31396484375
2177,Togo,TGO,2013,367.162109375
2178,Togo,TGO,2014,364.9671020507813
2179,Togo,TGO,2015,352.4715270996094
2180,Togo,TGO,2016,320.3282775878906
2181,Togo,TGO,2017,273.561279296875
2182,Togo,TGO,2018,244.91883850097656
2183,Togo,TGO,2019,229.14312744140625
2184,Togo,TGO,2020,228.85809326171875
2185,Turkey,TUR,2000,2.7810943126678467
2186,Turkey,TUR,2001,2.5912554264068604
2187,Turkey,TUR,2002,2.414482355117798
2188,Turkey,TUR,2003,2.146742582321167
2189,Turkey,TUR,2004,1.2172527313232422
2190,Turkey,TUR,2005,0.4721635282039642
2191,Turkey,TUR,2006,0.1781082600355148
2192,Turkey,TUR,2007,0.0692046135663986
2193,Turkey,TUR,2008,0.0362666323781013
2194,Turkey,TUR,2009,0.0081969136372208
2195,Turkey,TUR,2010,0.0
2196,Turkey,TUR,2011,0.0
2197,Turkey,TUR,2012,0.0
2198,Turkey,TUR,2013,0.0
2199,Turkey,TUR,2014,0.0
2200,Turkey,TUR,2015,0.0
2201,Turkey,TUR,2016,0.0
2202,Turkey,TUR,2017,0.0
2203,Turkey,TUR,2019,0.0
2204,Turkmenistan,TKM,2000,0.0817583501338958
2205,Turkmenistan,TKM,2001,0.026966443285346
2206,Turkmenistan,TKM,2002,0.0600698813796043
2207,Turkmenistan,TKM,2003,0.0231310911476612
2208,Turkmenistan,TKM,2004,0.0098129007965326
2209,Turkmenistan,TKM,2005,0.0032357014715671
2210,Turkmenistan,TKM,2006,0.0031983931548893
2211,Turkmenistan,TKM,2007,0.0
2212,Turkmenistan,TKM,2008,0.0
2213,Turkmenistan,TKM,2009,0.0
2214,Turkmenistan,TKM,2010,0.0
2215,Turkmenistan,TKM,2011,0.0
2216,Turkmenistan,TKM,2012,0.0
2217,Turkmenistan,TKM,2013,0.0
2218,Turkmenistan,TKM,2014,0.0
2219,Turkmenistan,TKM,2015,0.0
2220,Turkmenistan,TKM,2016,0.0
2221,Turkmenistan,TKM,2017,0.0
2222,Turkmenistan,TKM,2018,0.0
2223,Turkmenistan,TKM,2019,0.0
2224,Uganda,UGA,2000,487.22552490234375
2225,Uganda,UGA,2001,507.9743957519531
2226,Uganda,UGA,2002,500.1525573730469
2227,Uganda,UGA,2003,484.1246948242188
2228,Uganda,UGA,2004,449.8246765136719
2229,Uganda,UGA,2005,433.6452941894531
2230,Uganda,UGA,2006,421.3103942871094
2231,Uganda,UGA,2007,415.4135437011719
2232,Uganda,UGA,2008,417.960693359375
2233,Uganda,UGA,2009,423.0513305664063
2234,Uganda,UGA,2010,409.4366455078125
2235,Uganda,UGA,2011,394.6797180175781
2236,Uganda,UGA,2012,376.5559692382813
2237,Uganda,UGA,2013,332.34442138671875
2238,Uganda,UGA,2014,294.2823791503906
2239,Uganda,UGA,2015,253.5147857666016
2240,Uganda,UGA,2016,283.1371459960937
2241,Uganda,UGA,2017,294.9032592773437
2242,Uganda,UGA,2018,262.69158935546875
2243,Uganda,UGA,2019,262.6915588378906
2244,Uganda,UGA,2020,283.8175354003906
2245,United Arab Emirates,ARE,2012,0.0
2246,United Arab Emirates,ARE,2013,0.0
2247,United Arab Emirates,ARE,2014,0.0
2248,United Arab Emirates,ARE,2015,0.0
2249,United Arab Emirates,ARE,2016,0.0
2250,United Arab Emirates,ARE,2017,0.0
2251,United Arab Emirates,ARE,2018,0.0
2252,United Arab Emirates,ARE,2019,0.0
2253,United Arab Emirates,ARE,2020,0.0
2275,Uzbekistan,UZB,2000,5.087003707885742
2276,Uzbekistan,UZB,2001,3.066751718521118
2277,Uzbekistan,UZB,2002,2.909834384918213
2278,Uzbekistan,UZB,2003,2.8738980293273926
2279,Uzbekistan,UZB,2004,2.53096604347229
2280,Uzbekistan,UZB,2005,3.8596889972686768
2281,Uzbekistan,UZB,2006,2.7234740257263184
2282,Uzbekistan,UZB,2007,1.1027790307998655
2283,Uzbekistan,UZB,2008,0.2533845007419586
2284,Uzbekistan,UZB,2009,0.0
2285,Uzbekistan,UZB,2010,0.1052077859640121
2286,Uzbekistan,UZB,2011,0.0
2287,Uzbekistan,UZB,2012,0.0
2288,Uzbekistan,UZB,2013,0.0
2289,Uzbekistan,UZB,2014,0.0
2290,Uzbekistan,UZB,2015,0.0
2291,Uzbekistan,UZB,2016,0.0
2292,Uzbekistan,UZB,2017,0.0
2293,Uzbekistan,UZB,2018,0.0
2294,Uzbekistan,UZB,2019,0.0
2295,Vanuatu,VUT,2000,125.25140380859376
2296,Vanuatu,VUT,2001,98.84307861328124
2297,Vanuatu,VUT,2002,189.0144195556641
2298,Vanuatu,VUT,2003,214.5506591796875
2299,Vanuatu,VUT,2004,200.38897705078125
2300,Vanuatu,VUT,2005,122.43766784667967
2301,Vanuatu,VUT,2006,107.02074432373048
2302,Vanuatu,VUT,2007,124.44865417480467
2303,Vanuatu,VUT,2008,119.14107513427734
2304,Vanuatu,VUT,2009,64.6574935913086
2305,Vanuatu,VUT,2010,88.78314971923828
2306,Vanuatu,VUT,2011,47.93165588378906
2307,Vanuatu,VUT,2012,33.64261245727539
2308,Vanuatu,VUT,2013,20.753047943115234
2309,Vanuatu,VUT,2014,9.197083473205566
2310,Vanuatu,VUT,2015,2.910064697265625
2311,Vanuatu,VUT,2016,15.007580757141112
2312,Vanuatu,VUT,2017,7.936980724334717
2313,Vanuatu,VUT,2018,3.987358093261719
2314,Vanuatu,VUT,2019,3.491373300552368
2315,Vanuatu,VUT,2020,2.962721824645996
2316,Venezuela,VEN,2000,2.9362056255340576
2317,Venezuela,VEN,2001,1.934070110321045
2318,Venezuela,VEN,2002,2.7911102771759038
2319,Venezuela,VEN,2003,2.936016798019409
2320,Venezuela,VEN,2004,4.230092525482178
2321,Venezuela,VEN,2005,4.008634090423584
2322,Venezuela,VEN,2006,3.2504796981811523
2323,Venezuela,VEN,2007,3.584462404251098
2324,Venezuela,VEN,2008,2.712565898895264
2325,Venezuela,VEN,2009,2.991472721099853
2326,Venezuela,VEN,2010,4.072089672088623
2327,Venezuela,VEN,2011,3.7084767818450928
2328,Venezuela,VEN,2012,4.213096618652344
2329,Venezuela,VEN,2013,6.189104080200195
2330,Venezuela,VEN,2014,7.0618181228637695
2331,Venezuela,VEN,2015,10.615113258361816
2332,Venezuela,VEN,2016,18.886781692504883
2333,Venezuela,VEN,2017,32.82831954956055
2334,Venezuela,VEN,2018,32.901309967041016
2335,Venezuela,VEN,2019,32.78326797485352
2336,Venezuela,VEN,2020,16.299301147460938
2337,Vietnam,VNM,2000,3.4199929237365723
2338,Vietnam,VNM,2001,3.11134934425354
2339,Vietnam,VNM,2002,2.187570571899414
2340,Vietnam,VNM,2003,1.5924713611602783
2341,Vietnam,VNM,2004,0.9239193797111512
2342,Vietnam,VNM,2005,0.6571954488754272
2343,Vietnam,VNM,2006,0.6994621157646179
2344,Vietnam,VNM,2007,0.4451236426830292
2345,Vietnam,VNM,2008,0.2817946970462799
2346,Vietnam,VNM,2009,0.3560431897640228
2347,Vietnam,VNM,2010,0.3541350960731506
2348,Vietnam,VNM,2011,0.3085016012191772
2349,Vietnam,VNM,2012,0.3601829707622528
2350,Vietnam,VNM,2013,0.3103896975517273
2351,Vietnam,VNM,2014,0.2819856107234955
2352,Vietnam,VNM,2015,0.1651928424835205
2353,Vietnam,VNM,2016,0.0727989748120307
2354,Vietnam,VNM,2017,0.0786722376942634
2355,Vietnam,VNM,2018,0.0536381267011165
2356,Vietnam,VNM,2019,0.0526363775134086
2357,Vietnam,VNM,2020,0.0230981092900037
2358,World,OWID_WRL,2000,81.59620666503906
2359,World,OWID_WRL,2001,82.01685333251953
2360,World,OWID_WRL,2002,78.93389129638672
2361,World,OWID_WRL,2003,78.55564880371094
2362,World,OWID_WRL,2004,78.0439224243164
2363,World,OWID_WRL,2005,76.43416595458984
2364,World,OWID_WRL,2006,73.7030029296875
2365,World,OWID_WRL,2007,71.72126007080078
2366,World,OWID_WRL,2008,70.37715148925781
2367,World,OWID_WRL,2009,70.56514739990234
2368,World,OWID_WRL,2010,69.48534393310547
2369,World,OWID_WRL,2011,66.5079345703125
2370,World,OWID_WRL,2012,64.27409362792969
2371,World,OWID_WRL,2013,61.76140213012695
2372,World,OWID_WRL,2014,59.83102035522461
2373,World,OWID_WRL,2015,58.87312316894531
2374,World,OWID_WRL,2016,58.70454025268555
2375,World,OWID_WRL,2017,59.151702880859375
2376,World,OWID_WRL,2018,57.2291259765625
2377,World,OWID_WRL,2019,56.27382278442383
2378,World,OWID_WRL,2020,59.52337265014648
2379,Yemen,YEM,2000,93.98674774169922
2380,Yemen,YEM,2001,101.93008422851562
2381,Yemen,YEM,2002,109.94666290283205
2382,Yemen,YEM,2003,97.0978012084961
2383,Yemen,YEM,2004,75.89993286132812
2384,Yemen,YEM,2005,77.35435485839844
2385,Yemen,YEM,2006,90.1085968017578
2386,Yemen,YEM,2007,62.12438583374024
2387,Yemen,YEM,2008,38.252323150634766
2388,Yemen,YEM,2009,48.35523986816406
2389,Yemen,YEM,2010,75.82273864746094
2390,Yemen,YEM,2011,51.648921966552734
2391,Yemen,YEM,2012,54.56604766845703
2392,Yemen,YEM,2013,43.20228576660156
2393,Yemen,YEM,2014,35.275081634521484
2394,Yemen,YEM,2015,30.076366424560547
2395,Yemen,YEM,2016,37.75155258178711
2396,Yemen,YEM,2017,41.63530731201172
2397,Yemen,YEM,2018,47.40647888183594
2398,Yemen,YEM,2019,44.78733825683594
2399,Yemen,YEM,2020,40.56840515136719
2400,Zambia,ZMB,2000,397.1114807128906
2401,Zambia,ZMB,2001,404.1539916992188
2402,Zambia,ZMB,2002,371.4538879394531
2403,Zambia,ZMB,2003,348.5236511230469
2404,Zambia,ZMB,2004,301.79345703125
2405,Zambia,ZMB,2005,258.4483642578125
2406,Zambia,ZMB,2006,222.4931182861328
2407,Zambia,ZMB,2007,193.4367828369141
2408,Zambia,ZMB,2008,172.55987548828125
2409,Zambia,ZMB,2009,165.2190399169922
2410,Zambia,ZMB,2010,168.47547912597656
2411,Zambia,ZMB,2011,180.51194763183597
2412,Zambia,ZMB,2012,200.3485870361328
2413,Zambia,ZMB,2013,227.61346435546875
2414,Zambia,ZMB,2014,232.31857299804688
2415,Zambia,ZMB,2015,219.3227386474609
2416,Zambia,ZMB,2016,205.9687347412109
2417,Zambia,ZMB,2017,185.24722290039065
2418,Zambia,ZMB,2018,178.8396759033203
2419,Zambia,ZMB,2019,174.39869689941406
2420,Zambia,ZMB,2020,186.89862060546875
2421,Zimbabwe,ZWE,2000,113.03278350830078
2422,Zimbabwe,ZWE,2001,113.03278350830078
2423,Zimbabwe,ZWE,2002,113.03282165527344
2424,Zimbabwe,ZWE,2003,113.03287506103516
2425,Zimbabwe,ZWE,2004,113.03279113769533
2426,Zimbabwe,ZWE,2005,113.03286743164062
2427,Zimbabwe,ZWE,2006,113.03282165527344
2428,Zimbabwe,ZWE,2007,175.12046813964844
2429,Zimbabwe,ZWE,2008,74.7257308959961
2430,Zimbabwe,ZWE,2009,90.14505004882812
2431,Zimbabwe,ZWE,2010,109.79370880126952
2432,Zimbabwe,ZWE,2011,70.67823028564453
2433,Zimbabwe,ZWE,2012,57.21867752075195
2434,Zimbabwe,ZWE,2013,81.95160675048828
2435,Zimbabwe,ZWE,2014,101.8935089111328
2436,Zimbabwe,ZWE,2015,97.61002349853516
2437,Zimbabwe,ZWE,2016,68.3758316040039
2438,Zimbabwe,ZWE,2017,118.82439422607422
2439,Zimbabwe,ZWE,2018,55.82632827758789
2440,Zimbabwe,ZWE,2019,67.87406158447266
2441,Zimbabwe,ZWE,2020,98.50933074951172
